STRUCTURE,STRUCTURE_ID,STRUCTURE_NAME,ACTION,REF_AREA,Reference area,MEASURE,Measure,UNIT_MEASURE,Unit of measure,TRANSFORMATION,Transformation,ADJUSTMENT,Adjustment,SEX,Sex,AGE,Age,ACTIVITY,Economic activity,FREQ,Frequency of observation,TIME_PERIOD,Time period,OBS_VALUE,Observation value,BASE_PER,Base period,OBS_STATUS,Observation status,UNIT_MULT,Unit multiplier,DECIMALS,Decimals
DATAFLOW,OECD.SDD.TPS:DSD_LFS@DF_IALFS_EMP_Q(1.0),Employed population by age groups,I,CAN,Canada,EMP,Employment,PS,Persons,_Z,Not applicable,Y,Calendar and seasonally adjusted,_T,Total,Y15T64,From 15 to 64 years,_Z,Not applicable,Q,Quarterly,2024-Q1,,19311.4,,,,A,Normal value,3,Thousands,0,Zero
DATAFLOW,OECD.SDD.TPS:DSD_LFS@DF_IALFS_EMP_Q(1.0),Employed population by age groups,I,CAN,Canada,EMP,Employment,PS,Persons,_Z,Not applicable,Y,Calendar and seasonally adjusted,_T,Total,Y15T64,From 15 to 64 years,_Z,Not applicable,Q,Quarterly,2023-Q2,,19098.53,,,,A,Normal value,3,Thousands,0,Zero
DATAFLOW,OECD.SDD.TPS:DSD_LFS@DF_IALFS_EMP_Q(1.0),Employed population by age groups,I,CHE,Switzerland,EMP,Employment,PS,Persons,_Z,Not applicable,Y,Calendar and seasonally adjusted,_T,Total,Y15T64,From 15 to 64 years,_Z,Not applicable,Q,Quarterly,2023-Q3,,4641.268,,,,A,Normal value,3,Thousands,0,Zero
DATAFLOW,OECD.SDD.TPS:DSD_LFS@DF_IALFS_EMP_Q(1.0),Employed population by age groups,I,CHE,Switzerland,EMP,Employment,PS,Persons,_Z,Not applicable,Y,Calendar and seasonally adjusted,_T,Total,Y15T64,From 15 to 64 years,_Z,Not applicable,Q,Quarterly,2023-Q2,,4641.527,,,,A,Normal value,3,Thousands,0,Zero
DATAFLOW,OECD.SDD.TPS:DSD_LFS@DF_IALFS_EMP_Q(1.0),Employed population by age groups,I,CHE,Switzerland,EMP,Employment,PS,Persons,_Z,Not applicable,Y,Calendar and seasonally adjusted,_T,Total,Y15T64,From 15 to 64 years,_Z,Not applicable,Q,Quarterly,2023-Q1,,4630.75,,,,A,Normal value,3,Thousands,0,Zero
DATAFLOW,OECD.SDD.TPS:DSD_LFS@DF_IALFS_EMP_Q(1.0),Employed population by age groups,I,KOR,Korea,EMP,Employment,PS,Persons,_Z,Not applicable,Y,Calendar and seasonally adjusted,_T,Total,Y15T64,From 15 to 64 years,_Z,Not applicable,Q,Quarterly,2024-Q2,,24785.29,,,,A,Normal value,3,Thousands,0,Zero
DATAFLOW,OECD.SDD.TPS:DSD_LFS@DF_IALFS_EMP_Q(1.0),Employed population by age groups,I,KOR,Korea,EMP,Employment,PS,Persons,_Z,Not applicable,Y,Calendar and seasonally adjusted,_T,Total,Y15T64,From 15 to 64 years,_Z,Not applicable,Q,Quarterly,2024-Q1,,24863.94,,,,A,Normal value,3,Thousands,0,Zero
DATAFLOW,OECD.SDD.TPS:DSD_LFS@DF_IALFS_EMP_Q(1.0),Employed population by age groups,I,MEX,Mexico,EMP,Employment,PS,Persons,_Z,Not applicable,Y,Calendar and seasonally adjusted,_T,Total,Y15T64,From 15 to 64 years,_Z,Not applicable,Q,Quarterly,2023-Q2,,55210.8,,,,A,Normal value,3,Thousands,0,Zero
DATAFLOW,OECD.SDD.TPS:DSD_LFS@DF_IALFS_EMP_Q(1.0),Employed population by age groups,I,MEX,Mexico,EMP,Employment,PS,Persons,_Z,Not applicable,Y,Calendar and seasonally adjusted,_T,Total,Y15T64,From 15 to 64 years,_Z,Not applicable,Q,Quarterly,2023-Q1,,55485.35,,,,A,Normal value,3,Thousands,0,Zero
DATAFLOW,OECD.SDD.TPS:DSD_LFS@DF_IALFS_EMP_Q(1.0),Employed population by age groups,I,MEX,Mexico,EMP,Employment,PS,Persons,_Z,Not applicable,Y,Calendar and seasonally adjusted,_T,Total,Y15T64,From 15 to 64 years,_Z,Not applicable,Q,Quarterly,2024-Q2,,55955.53,,,,A,Normal value,3,Thousands,0,Zero
DATAFLOW,OECD.SDD.TPS:DSD_LFS@DF_IALFS_EMP_Q(1.0),Employed population by age groups,I,CZE,Czechia,EMP,Employment,PS,Persons,_Z,Not applicable,Y,Calendar and seasonally adjusted,_T,Total,Y15T64,From 15 to 64 years,_Z,Not applicable,Q,Quarterly,2024-Q1,,5006.988,,,,A,Normal value,3,Thousands,0,Zero
DATAFLOW,OECD.SDD.TPS:DSD_LFS@DF_IALFS_EMP_Q(1.0),Employed population by age groups,I,CZE,Czechia,EMP,Employment,PS,Persons,_Z,Not applicable,Y,Calendar and seasonally adjusted,_T,Total,Y15T64,From 15 to 64 years,_Z,Not applicable,Q,Quarterly,2023-Q4,,4887.509,,,,A,Normal value,3,Thousands,0,Zero
DATAFLOW,OECD.SDD.TPS:DSD_LFS@DF_IALFS_EMP_Q(1.0),Employed population by age groups,I,CZE,Czechia,EMP,Employment,PS,Persons,_Z,Not applicable,Y,Calendar and seasonally adjusted,_T,Total,Y15T64,From 15 to 64 years,_Z,Not applicable,Q,Quarterly,2023-Q3,,4886.347,,,,A,Normal value,3,Thousands,0,Zero
DATAFLOW,OECD.SDD.TPS:DSD_LFS@DF_IALFS_EMP_Q(1.0),Employed population by age groups,I,CZE,Czechia,EMP,Employment,PS,Persons,_Z,Not applicable,Y,Calendar and seasonally adjusted,_T,Total,Y15T64,From 15 to 64 years,_Z,Not applicable,Q,Quarterly,2023-Q2,,4905.513,,,,A,Normal value,3,Thousands,0,Zero
DATAFLOW,OECD.SDD.TPS:DSD_LFS@DF_IALFS_EMP_Q(1.0),Employed population by age groups,I,CZE,Czechia,EMP,Employment,PS,Persons,_Z,Not applicable,Y,Calendar and seasonally adjusted,_T,Total,Y15T64,From 15 to 64 years,_Z,Not applicable,Q,Quarterly,2023-Q1,,4881.93,,,,A,Normal value,3,Thousands,0,Zero
DATAFLOW,OECD.SDD.TPS:DSD_LFS@DF_IALFS_EMP_Q(1.0),Employed population by age groups,I,BEL,Belgium,EMP,Employment,PS,Persons,_Z,Not applicable,Y,Calendar and seasonally adjusted,_T,Total,Y15T64,From 15 to 64 years,_Z,Not applicable,Q,Quarterly,2023-Q2,,4914.913,,,,A,Normal value,3,Thousands,0,Zero
DATAFLOW,OECD.SDD.TPS:DSD_LFS@DF_IALFS_EMP_Q(1.0),Employed population by age groups,I,BEL,Belgium,EMP,Employment,PS,Persons,_Z,Not applicable,Y,Calendar and seasonally adjusted,_T,Total,Y15T64,From 15 to 64 years,_Z,Not applicable,Q,Quarterly,2023-Q1,,4957.009,,,,A,Normal value,3,Thousands,0,Zero
DATAFLOW,OECD.SDD.TPS:DSD_LFS@DF_IALFS_EMP_Q(1.0),Employed population by age groups,I,CHE,Switzerland,EMP,Employment,PS,Persons,_Z,Not applicable,Y,Calendar and seasonally adjusted,_T,Total,Y15T64,From 15 to 64 years,_Z,Not applicable,Q,Quarterly,2024-Q1,,4656.458,,,,A,Normal value,3,Thousands,0,Zero
DATAFLOW,OECD.SDD.TPS:DSD_LFS@DF_IALFS_EMP_Q(1.0),Employed population by age groups,I,CHE,Switzerland,EMP,Employment,PS,Persons,_Z,Not applicable,Y,Calendar and seasonally adjusted,_T,Total,Y15T64,From 15 to 64 years,_Z,Not applicable,Q,Quarterly,2023-Q4,,4680.554,,,,A,Normal value,3,Thousands,0,Zero
DATAFLOW,OECD.SDD.TPS:DSD_LFS@DF_IALFS_EMP_Q(1.0),Employed population by age groups,I,CHL,Chile,EMP,Employment,PS,Persons,_Z,Not applicable,Y,Calendar and seasonally adjusted,_T,Total,Y15T64,From 15 to 64 years,_Z,Not applicable,Q,Quarterly,2023-Q2,,8574.624,,,,E,Estimated value,3,Thousands,0,Zero
DATAFLOW,OECD.SDD.TPS:DSD_LFS@DF_IALFS_EMP_Q(1.0),Employed population by age groups,I,CHL,Chile,EMP,Employment,PS,Persons,_Z,Not applicable,Y,Calendar and seasonally adjusted,_T,Total,Y15T64,From 15 to 64 years,_Z,Not applicable,Q,Quarterly,2023-Q1,,8448.107,,,,E,Estimated value,3,Thousands,0,Zero
DATAFLOW,OECD.SDD.TPS:DSD_LFS@DF_IALFS_EMP_Q(1.0),Employed population by age groups,I,CHL,Chile,EMP,Employment,PS,Persons,_Z,Not applicable,Y,Calendar and seasonally adjusted,_T,Total,Y15T64,From 15 to 64 years,_Z,Not applicable,Q,Quarterly,2024-Q3,,8737.72,,,,E,Estimated value,3,Thousands,0,Zero
DATAFLOW,OECD.SDD.TPS:DSD_LFS@DF_IALFS_EMP_Q(1.0),Employed population by age groups,I,CHL,Chile,EMP,Employment,PS,Persons,_Z,Not applicable,Y,Calendar and seasonally adjusted,_T,Total,Y15T64,From 15 to 64 years,_Z,Not applicable,Q,Quarterly,2024-Q2,,8837.293,,,,E,Estimated value,3,Thousands,0,Zero
DATAFLOW,OECD.SDD.TPS:DSD_LFS@DF_IALFS_EMP_Q(1.0),Employed population by age groups,I,CHL,Chile,EMP,Employment,PS,Persons,_Z,Not applicable,Y,Calendar and seasonally adjusted,_T,Total,Y15T64,From 15 to 64 years,_Z,Not applicable,Q,Quarterly,2024-Q1,,8707.742,,,,E,Estimated value,3,Thousands,0,Zero
DATAFLOW,OECD.SDD.TPS:DSD_LFS@DF_IALFS_EMP_Q(1.0),Employed population by age groups,I,CHL,Chile,EMP,Employment,PS,Persons,_Z,Not applicable,Y,Calendar and seasonally adjusted,_T,Total,Y15T64,From 15 to 64 years,_Z,Not applicable,Q,Quarterly,2023-Q4,,8584.154,,,,E,Estimated value,3,Thousands,0,Zero
DATAFLOW,OECD.SDD.TPS:DSD_LFS@DF_IALFS_EMP_Q(1.0),Employed population by age groups,I,PRT,Portugal,EMP,Employment,PS,Persons,_Z,Not applicable,Y,Calendar and seasonally adjusted,_T,Total,Y15T64,From 15 to 64 years,_Z,Not applicable,Q,Quarterly,2024-Q1,,4839.449,,,,A,Normal value,3,Thousands,0,Zero
DATAFLOW,OECD.SDD.TPS:DSD_LFS@DF_IALFS_EMP_Q(1.0),Employed population by age groups,I,PRT,Portugal,EMP,Employment,PS,Persons,_Z,Not applicable,Y,Calendar and seasonally adjusted,_T,Total,Y15T64,From 15 to 64 years,_Z,Not applicable,Q,Quarterly,2023-Q4,,4857.056,,,,A,Normal value,3,Thousands,0,Zero
DATAFLOW,OECD.SDD.TPS:DSD_LFS@DF_IALFS_EMP_Q(1.0),Employed population by age groups,I,PRT,Portugal,EMP,Employment,PS,Persons,_Z,Not applicable,Y,Calendar and seasonally adjusted,_T,Total,Y15T64,From 15 to 64 years,_Z,Not applicable,Q,Quarterly,2023-Q3,,4836.009,,,,A,Normal value,3,Thousands,0,Zero
DATAFLOW,OECD.SDD.TPS:DSD_LFS@DF_IALFS_EMP_Q(1.0),Employed population by age groups,I,PRT,Portugal,EMP,Employment,PS,Persons,_Z,Not applicable,Y,Calendar and seasonally adjusted,_T,Total,Y15T64,From 15 to 64 years,_Z,Not applicable,Q,Quarterly,2023-Q2,,4828.908,,,,A,Normal value,3,Thousands,0,Zero
DATAFLOW,OECD.SDD.TPS:DSD_LFS@DF_IALFS_EMP_Q(1.0),Employed population by age groups,I,PRT,Portugal,EMP,Employment,PS,Persons,_Z,Not applicable,Y,Calendar and seasonally adjusted,_T,Total,Y15T64,From 15 to 64 years,_Z,Not applicable,Q,Quarterly,2023-Q1,,4770.227,,,,A,Normal value,3,Thousands,0,Zero
DATAFLOW,OECD.SDD.TPS:DSD_LFS@DF_IALFS_EMP_Q(1.0),Employed population by age groups,I,EU27_2020,European Union (27 countries from 01/02/2020),EMP,Employment,PS,Persons,_Z,Not applicable,Y,Calendar and seasonally adjusted,_T,Total,Y15T64,From 15 to 64 years,_Z,Not applicable,Q,Quarterly,2023-Q2,,199535.7,,,,A,Normal value,3,Thousands,0,Zero
DATAFLOW,OECD.SDD.TPS:DSD_LFS@DF_IALFS_EMP_Q(1.0),Employed population by age groups,I,EU27_2020,European Union (27 countries from 01/02/2020),EMP,Employment,PS,Persons,_Z,Not applicable,Y,Calendar and seasonally adjusted,_T,Total,Y15T64,From 15 to 64 years,_Z,Not applicable,Q,Quarterly,2023-Q1,,198888.4,,,,A,Normal value,3,Thousands,0,Zero
DATAFLOW,OECD.SDD.TPS:DSD_LFS@DF_IALFS_EMP_Q(1.0),Employed population by age groups,I,EU27_2020,European Union (27 countries from 01/02/2020),EMP,Employment,PS,Persons,_Z,Not applicable,Y,Calendar and seasonally adjusted,_T,Total,Y15T64,From 15 to 64 years,_Z,Not applicable,Q,Quarterly,2024-Q2,,201360.8,,,,A,Normal value,3,Thousands,0,Zero
DATAFLOW,OECD.SDD.TPS:DSD_LFS@DF_IALFS_EMP_Q(1.0),Employed population by age groups,I,EU27_2020,European Union (27 countries from 01/02/2020),EMP,Employment,PS,Persons,_Z,Not applicable,Y,Calendar and seasonally adjusted,_T,Total,Y15T64,From 15 to 64 years,_Z,Not applicable,Q,Quarterly,2024-Q1,,201071.6,,,,A,Normal value,3,Thousands,0,Zero
DATAFLOW,OECD.SDD.TPS:DSD_LFS@DF_IALFS_EMP_Q(1.0),Employed population by age groups,I,EU27_2020,European Union (27 countries from 01/02/2020),EMP,Employment,PS,Persons,_Z,Not applicable,Y,Calendar and seasonally adjusted,_T,Total,Y15T64,From 15 to 64 years,_Z,Not applicable,Q,Quarterly,2023-Q4,,200352,,,,A,Normal value,3,Thousands,0,Zero
DATAFLOW,OECD.SDD.TPS:DSD_LFS@DF_IALFS_EMP_Q(1.0),Employed population by age groups,I,HUN,Hungary,EMP,Employment,PS,Persons,_Z,Not applicable,Y,Calendar and seasonally adjusted,_T,Total,Y15T64,From 15 to 64 years,_Z,Not applicable,Q,Quarterly,2024-Q1,,4626.772,,,,A,Normal value,3,Thousands,0,Zero
DATAFLOW,OECD.SDD.TPS:DSD_LFS@DF_IALFS_EMP_Q(1.0),Employed population by age groups,I,HUN,Hungary,EMP,Employment,PS,Persons,_Z,Not applicable,Y,Calendar and seasonally adjusted,_T,Total,Y15T64,From 15 to 64 years,_Z,Not applicable,Q,Quarterly,2023-Q4,,4611.881,,,,A,Normal value,3,Thousands,0,Zero
DATAFLOW,OECD.SDD.TPS:DSD_LFS@DF_IALFS_EMP_Q(1.0),Employed population by age groups,I,HUN,Hungary,EMP,Employment,PS,Persons,_Z,Not applicable,Y,Calendar and seasonally adjusted,_T,Total,Y15T64,From 15 to 64 years,_Z,Not applicable,Q,Quarterly,2023-Q3,,4594.901,,,,A,Normal value,3,Thousands,0,Zero
DATAFLOW,OECD.SDD.TPS:DSD_LFS@DF_IALFS_EMP_Q(1.0),Employed population by age groups,I,HUN,Hungary,EMP,Employment,PS,Persons,_Z,Not applicable,Y,Calendar and seasonally adjusted,_T,Total,Y15T64,From 15 to 64 years,_Z,Not applicable,Q,Quarterly,2023-Q2,,4604.461,,,,A,Normal value,3,Thousands,0,Zero
DATAFLOW,OECD.SDD.TPS:DSD_LFS@DF_IALFS_EMP_Q(1.0),Employed population by age groups,I,HUN,Hungary,EMP,Employment,PS,Persons,_Z,Not applicable,Y,Calendar and seasonally adjusted,_T,Total,Y15T64,From 15 to 64 years,_Z,Not applicable,Q,Quarterly,2023-Q1,,4603.456,,,,A,Normal value,3,Thousands,0,Zero
DATAFLOW,OECD.SDD.TPS:DSD_LFS@DF_IALFS_EMP_Q(1.0),Employed population by age groups,I,EA20,Euro area (20 countries),EMP,Employment,PS,Persons,_Z,Not applicable,Y,Calendar and seasonally adjusted,_T,Total,Y15T64,From 15 to 64 years,_Z,Not applicable,Q,Quarterly,2024-Q2,,156420.4,,,,A,Normal value,3,Thousands,0,Zero
DATAFLOW,OECD.SDD.TPS:DSD_LFS@DF_IALFS_EMP_Q(1.0),Employed population by age groups,I,EA20,Euro area (20 countries),EMP,Employment,PS,Persons,_Z,Not applicable,Y,Calendar and seasonally adjusted,_T,Total,Y15T64,From 15 to 64 years,_Z,Not applicable,Q,Quarterly,2024-Q1,,156026.9,,,,A,Normal value,3,Thousands,0,Zero
DATAFLOW,OECD.SDD.TPS:DSD_LFS@DF_IALFS_EMP_Q(1.0),Employed population by age groups,I,EA20,Euro area (20 countries),EMP,Employment,PS,Persons,_Z,Not applicable,Y,Calendar and seasonally adjusted,_T,Total,Y15T64,From 15 to 64 years,_Z,Not applicable,Q,Quarterly,2023-Q4,,155446.6,,,,A,Normal value,3,Thousands,0,Zero
DATAFLOW,OECD.SDD.TPS:DSD_LFS@DF_IALFS_EMP_Q(1.0),Employed population by age groups,I,MEX,Mexico,EMP,Employment,PS,Persons,_Z,Not applicable,Y,Calendar and seasonally adjusted,_T,Total,Y15T64,From 15 to 64 years,_Z,Not applicable,Q,Quarterly,2023-Q4,,55715.34,,,,A,Normal value,3,Thousands,0,Zero
DATAFLOW,OECD.SDD.TPS:DSD_LFS@DF_IALFS_EMP_Q(1.0),Employed population by age groups,I,MEX,Mexico,EMP,Employment,PS,Persons,_Z,Not applicable,Y,Calendar and seasonally adjusted,_T,Total,Y15T64,From 15 to 64 years,_Z,Not applicable,Q,Quarterly,2023-Q3,,55568.49,,,,A,Normal value,3,Thousands,0,Zero
DATAFLOW,OECD.SDD.TPS:DSD_LFS@DF_IALFS_EMP_Q(1.0),Employed population by age groups,I,OECD,OECD,EMP,Employment,PS,Persons,_Z,Not applicable,Y,Calendar and seasonally adjusted,_T,Total,Y15T64,From 15 to 64 years,_Z,Not applicable,Q,Quarterly,2023-Q2,,616750.2,,,,E,Estimated value,3,Thousands,0,Zero
DATAFLOW,OECD.SDD.TPS:DSD_LFS@DF_IALFS_EMP_Q(1.0),Employed population by age groups,I,OECD,OECD,EMP,Employment,PS,Persons,_Z,Not applicable,Y,Calendar and seasonally adjusted,_T,Total,Y15T64,From 15 to 64 years,_Z,Not applicable,Q,Quarterly,2023-Q1,,614447.1,,,,E,Estimated value,3,Thousands,0,Zero
DATAFLOW,OECD.SDD.TPS:DSD_LFS@DF_IALFS_EMP_Q(1.0),Employed population by age groups,I,FRA,France,EMP,Employment,PS,Persons,_Z,Not applicable,Y,Calendar and seasonally adjusted,_T,Total,Y15T64,From 15 to 64 years,_Z,Not applicable,Q,Quarterly,2024-Q1,,28235.88,,,,A,Normal value,3,Thousands,0,Zero
DATAFLOW,OECD.SDD.TPS:DSD_LFS@DF_IALFS_EMP_Q(1.0),Employed population by age groups,I,FRA,France,EMP,Employment,PS,Persons,_Z,Not applicable,Y,Calendar and seasonally adjusted,_T,Total,Y15T64,From 15 to 64 years,_Z,Not applicable,Q,Quarterly,2023-Q4,,28036.27,,,,A,Normal value,3,Thousands,0,Zero
DATAFLOW,OECD.SDD.TPS:DSD_LFS@DF_IALFS_EMP_Q(1.0),Employed population by age groups,I,FRA,France,EMP,Employment,PS,Persons,_Z,Not applicable,Y,Calendar and seasonally adjusted,_T,Total,Y15T64,From 15 to 64 years,_Z,Not applicable,Q,Quarterly,2023-Q3,,27992.45,,,,A,Normal value,3,Thousands,0,Zero
DATAFLOW,OECD.SDD.TPS:DSD_LFS@DF_IALFS_EMP_Q(1.0),Employed population by age groups,I,FRA,France,EMP,Employment,PS,Persons,_Z,Not applicable,Y,Calendar and seasonally adjusted,_T,Total,Y15T64,From 15 to 64 years,_Z,Not applicable,Q,Quarterly,2023-Q2,,28039.58,,,,A,Normal value,3,Thousands,0,Zero
DATAFLOW,OECD.SDD.TPS:DSD_LFS@DF_IALFS_EMP_Q(1.0),Employed population by age groups,I,FRA,France,EMP,Employment,PS,Persons,_Z,Not applicable,Y,Calendar and seasonally adjusted,_T,Total,Y15T64,From 15 to 64 years,_Z,Not applicable,Q,Quarterly,2023-Q1,,27979.6,,,,A,Normal value,3,Thousands,0,Zero
DATAFLOW,OECD.SDD.TPS:DSD_LFS@DF_IALFS_EMP_Q(1.0),Employed population by age groups,I,NOR,Norway,EMP,Employment,PS,Persons,_Z,Not applicable,Y,Calendar and seasonally adjusted,_T,Total,Y15T64,From 15 to 64 years,_Z,Not applicable,Q,Quarterly,2024-Q1,,2761.166,,,,A,Normal value,3,Thousands,0,Zero
DATAFLOW,OECD.SDD.TPS:DSD_LFS@DF_IALFS_EMP_Q(1.0),Employed population by age groups,I,NOR,Norway,EMP,Employment,PS,Persons,_Z,Not applicable,Y,Calendar and seasonally adjusted,_T,Total,Y15T64,From 15 to 64 years,_Z,Not applicable,Q,Quarterly,2023-Q4,,2760.771,,,,A,Normal value,3,Thousands,0,Zero
DATAFLOW,OECD.SDD.TPS:DSD_LFS@DF_IALFS_EMP_Q(1.0),Employed population by age groups,I,NOR,Norway,EMP,Employment,PS,Persons,_Z,Not applicable,Y,Calendar and seasonally adjusted,_T,Total,Y15T64,From 15 to 64 years,_Z,Not applicable,Q,Quarterly,2023-Q3,,2758.896,,,,A,Normal value,3,Thousands,0,Zero
DATAFLOW,OECD.SDD.TPS:DSD_LFS@DF_IALFS_EMP_Q(1.0),Employed population by age groups,I,NOR,Norway,EMP,Employment,PS,Persons,_Z,Not applicable,Y,Calendar and seasonally adjusted,_T,Total,Y15T64,From 15 to 64 years,_Z,Not applicable,Q,Quarterly,2023-Q2,,2752.15,,,,A,Normal value,3,Thousands,0,Zero
DATAFLOW,OECD.SDD.TPS:DSD_LFS@DF_IALFS_EMP_Q(1.0),Employed population by age groups,I,NOR,Norway,EMP,Employment,PS,Persons,_Z,Not applicable,Y,Calendar and seasonally adjusted,_T,Total,Y15T64,From 15 to 64 years,_Z,Not applicable,Q,Quarterly,2023-Q1,,2739.782,,,,A,Normal value,3,Thousands,0,Zero
DATAFLOW,OECD.SDD.TPS:DSD_LFS@DF_IALFS_EMP_Q(1.0),Employed population by age groups,I,IRL,Ireland,EMP,Employment,PS,Persons,_Z,Not applicable,Y,Calendar and seasonally adjusted,_T,Total,Y15T64,From 15 to 64 years,_Z,Not applicable,Q,Quarterly,2023-Q2,,2564.795,,,,A,Normal value,3,Thousands,0,Zero
DATAFLOW,OECD.SDD.TPS:DSD_LFS@DF_IALFS_EMP_Q(1.0),Employed population by age groups,I,IRL,Ireland,EMP,Employment,PS,Persons,_Z,Not applicable,Y,Calendar and seasonally adjusted,_T,Total,Y15T64,From 15 to 64 years,_Z,Not applicable,Q,Quarterly,2023-Q1,,2546.094,,,,A,Normal value,3,Thousands,0,Zero
DATAFLOW,OECD.SDD.TPS:DSD_LFS@DF_IALFS_EMP_Q(1.0),Employed population by age groups,I,IRL,Ireland,EMP,Employment,PS,Persons,_Z,Not applicable,Y,Calendar and seasonally adjusted,_T,Total,Y15T64,From 15 to 64 years,_Z,Not applicable,Q,Quarterly,2024-Q2,,2631.473,,,,A,Normal value,3,Thousands,0,Zero
DATAFLOW,OECD.SDD.TPS:DSD_LFS@DF_IALFS_EMP_Q(1.0),Employed population by age groups,I,IRL,Ireland,EMP,Employment,PS,Persons,_Z,Not applicable,Y,Calendar and seasonally adjusted,_T,Total,Y15T64,From 15 to 64 years,_Z,Not applicable,Q,Quarterly,2024-Q1,,2606.966,,,,A,Normal value,3,Thousands,0,Zero
DATAFLOW,OECD.SDD.TPS:DSD_LFS@DF_IALFS_EMP_Q(1.0),Employed population by age groups,I,IRL,Ireland,EMP,Employment,PS,Persons,_Z,Not applicable,Y,Calendar and seasonally adjusted,_T,Total,Y15T64,From 15 to 64 years,_Z,Not applicable,Q,Quarterly,2023-Q4,,2595.036,,,,A,Normal value,3,Thousands,0,Zero
DATAFLOW,OECD.SDD.TPS:DSD_LFS@DF_IALFS_EMP_Q(1.0),Employed population by age groups,I,CRI,Costa Rica,EMP,Employment,PS,Persons,_Z,Not applicable,Y,Calendar and seasonally adjusted,_T,Total,Y15T64,From 15 to 64 years,_Z,Not applicable,Q,Quarterly,2023-Q4,,1996.247,,,,A,Normal value,3,Thousands,0,Zero
DATAFLOW,OECD.SDD.TPS:DSD_LFS@DF_IALFS_EMP_Q(1.0),Employed population by age groups,I,CRI,Costa Rica,EMP,Employment,PS,Persons,_Z,Not applicable,Y,Calendar and seasonally adjusted,_T,Total,Y15T64,From 15 to 64 years,_Z,Not applicable,Q,Quarterly,2023-Q3,,2007.529,,,,A,Normal value,3,Thousands,0,Zero
DATAFLOW,OECD.SDD.TPS:DSD_LFS@DF_IALFS_EMP_Q(1.0),Employed population by age groups,I,CRI,Costa Rica,EMP,Employment,PS,Persons,_Z,Not applicable,Y,Calendar and seasonally adjusted,_T,Total,Y15T64,From 15 to 64 years,_Z,Not applicable,Q,Quarterly,2023-Q2,,2039.372,,,,A,Normal value,3,Thousands,0,Zero
DATAFLOW,OECD.SDD.TPS:DSD_LFS@DF_IALFS_EMP_Q(1.0),Employed population by age groups,I,CRI,Costa Rica,EMP,Employment,PS,Persons,_Z,Not applicable,Y,Calendar and seasonally adjusted,_T,Total,Y15T64,From 15 to 64 years,_Z,Not applicable,Q,Quarterly,2023-Q1,,2024.625,,,,A,Normal value,3,Thousands,0,Zero
DATAFLOW,OECD.SDD.TPS:DSD_LFS@DF_IALFS_EMP_Q(1.0),Employed population by age groups,I,CRI,Costa Rica,EMP,Employment,PS,Persons,_Z,Not applicable,Y,Calendar and seasonally adjusted,_T,Total,Y15T64,From 15 to 64 years,_Z,Not applicable,Q,Quarterly,2024-Q2,,2057.135,,,,A,Normal value,3,Thousands,0,Zero
DATAFLOW,OECD.SDD.TPS:DSD_LFS@DF_IALFS_EMP_Q(1.0),Employed population by age groups,I,LTU,Lithuania,EMP,Employment,PS,Persons,_Z,Not applicable,Y,Calendar and seasonally adjusted,_T,Total,Y15T64,From 15 to 64 years,_Z,Not applicable,Q,Quarterly,2024-Q1,,1381.307,,,,A,Normal value,3,Thousands,0,Zero
DATAFLOW,OECD.SDD.TPS:DSD_LFS@DF_IALFS_EMP_Q(1.0),Employed population by age groups,I,LTU,Lithuania,EMP,Employment,PS,Persons,_Z,Not applicable,Y,Calendar and seasonally adjusted,_T,Total,Y15T64,From 15 to 64 years,_Z,Not applicable,Q,Quarterly,2023-Q4,,1379.822,,,,A,Normal value,3,Thousands,0,Zero
DATAFLOW,OECD.SDD.TPS:DSD_LFS@DF_IALFS_EMP_Q(1.0),Employed population by age groups,I,LTU,Lithuania,EMP,Employment,PS,Persons,_Z,Not applicable,Y,Calendar and seasonally adjusted,_T,Total,Y15T64,From 15 to 64 years,_Z,Not applicable,Q,Quarterly,2023-Q3,,1372.448,,,,A,Normal value,3,Thousands,0,Zero
DATAFLOW,OECD.SDD.TPS:DSD_LFS@DF_IALFS_EMP_Q(1.0),Employed population by age groups,I,LTU,Lithuania,EMP,Employment,PS,Persons,_Z,Not applicable,Y,Calendar and seasonally adjusted,_T,Total,Y15T64,From 15 to 64 years,_Z,Not applicable,Q,Quarterly,2023-Q2,,1364.234,,,,A,Normal value,3,Thousands,0,Zero
DATAFLOW,OECD.SDD.TPS:DSD_LFS@DF_IALFS_EMP_Q(1.0),Employed population by age groups,I,LTU,Lithuania,EMP,Employment,PS,Persons,_Z,Not applicable,Y,Calendar and seasonally adjusted,_T,Total,Y15T64,From 15 to 64 years,_Z,Not applicable,Q,Quarterly,2023-Q1,,1355.296,,,,A,Normal value,3,Thousands,0,Zero
DATAFLOW,OECD.SDD.TPS:DSD_LFS@DF_IALFS_EMP_Q(1.0),Employed population by age groups,I,AUS,Australia,EMP,Employment,PS,Persons,_Z,Not applicable,Y,Calendar and seasonally adjusted,_T,Total,Y15T64,From 15 to 64 years,_Z,Not applicable,Q,Quarterly,2023-Q3,,13383.45,,,,A,Normal value,3,Thousands,0,Zero
DATAFLOW,OECD.SDD.TPS:DSD_LFS@DF_IALFS_EMP_Q(1.0),Employed population by age groups,I,AUS,Australia,EMP,Employment,PS,Persons,_Z,Not applicable,Y,Calendar and seasonally adjusted,_T,Total,Y15T64,From 15 to 64 years,_Z,Not applicable,Q,Quarterly,2023-Q2,,13297.16,,,,A,Normal value,3,Thousands,0,Zero
DATAFLOW,OECD.SDD.TPS:DSD_LFS@DF_IALFS_EMP_Q(1.0),Employed population by age groups,I,AUS,Australia,EMP,Employment,PS,Persons,_Z,Not applicable,Y,Calendar and seasonally adjusted,_T,Total,Y15T64,From 15 to 64 years,_Z,Not applicable,Q,Quarterly,2023-Q1,,13188.95,,,,A,Normal value,3,Thousands,0,Zero
DATAFLOW,OECD.SDD.TPS:DSD_LFS@DF_IALFS_EMP_Q(1.0),Employed population by age groups,I,AUS,Australia,EMP,Employment,PS,Persons,_Z,Not applicable,Y,Calendar and seasonally adjusted,_T,Total,Y15T64,From 15 to 64 years,_Z,Not applicable,Q,Quarterly,2024-Q3,,13725.78,,,,A,Normal value,3,Thousands,0,Zero
DATAFLOW,OECD.SDD.TPS:DSD_LFS@DF_IALFS_EMP_Q(1.0),Employed population by age groups,I,AUS,Australia,EMP,Employment,PS,Persons,_Z,Not applicable,Y,Calendar and seasonally adjusted,_T,Total,Y15T64,From 15 to 64 years,_Z,Not applicable,Q,Quarterly,2024-Q2,,13560.44,,,,A,Normal value,3,Thousands,0,Zero
DATAFLOW,OECD.SDD.TPS:DSD_LFS@DF_IALFS_EMP_Q(1.0),Employed population by age groups,I,AUS,Australia,EMP,Employment,PS,Persons,_Z,Not applicable,Y,Calendar and seasonally adjusted,_T,Total,Y15T64,From 15 to 64 years,_Z,Not applicable,Q,Quarterly,2024-Q1,,13495.41,,,,A,Normal value,3,Thousands,0,Zero
DATAFLOW,OECD.SDD.TPS:DSD_LFS@DF_IALFS_EMP_Q(1.0),Employed population by age groups,I,POL,Poland,EMP,Employment,PS,Persons,_Z,Not applicable,Y,Calendar and seasonally adjusted,_T,Total,Y15T64,From 15 to 64 years,_Z,Not applicable,Q,Quarterly,2024-Q1,,16789.82,,,,A,Normal value,3,Thousands,0,Zero
DATAFLOW,OECD.SDD.TPS:DSD_LFS@DF_IALFS_EMP_Q(1.0),Employed population by age groups,I,POL,Poland,EMP,Employment,PS,Persons,_Z,Not applicable,Y,Calendar and seasonally adjusted,_T,Total,Y15T64,From 15 to 64 years,_Z,Not applicable,Q,Quarterly,2023-Q4,,16850.12,,,,A,Normal value,3,Thousands,0,Zero
DATAFLOW,OECD.SDD.TPS:DSD_LFS@DF_IALFS_EMP_Q(1.0),Employed population by age groups,I,POL,Poland,EMP,Employment,PS,Persons,_Z,Not applicable,Y,Calendar and seasonally adjusted,_T,Total,Y15T64,From 15 to 64 years,_Z,Not applicable,Q,Quarterly,2023-Q3,,16873.45,,,,A,Normal value,3,Thousands,0,Zero
DATAFLOW,OECD.SDD.TPS:DSD_LFS@DF_IALFS_EMP_Q(1.0),Employed population by age groups,I,POL,Poland,EMP,Employment,PS,Persons,_Z,Not applicable,Y,Calendar and seasonally adjusted,_T,Total,Y15T64,From 15 to 64 years,_Z,Not applicable,Q,Quarterly,2023-Q2,,16858.48,,,,A,Normal value,3,Thousands,0,Zero
DATAFLOW,OECD.SDD.TPS:DSD_LFS@DF_IALFS_EMP_Q(1.0),Employed population by age groups,I,POL,Poland,EMP,Employment,PS,Persons,_Z,Not applicable,Y,Calendar and seasonally adjusted,_T,Total,Y15T64,From 15 to 64 years,_Z,Not applicable,Q,Quarterly,2023-Q1,,16878.35,,,,A,Normal value,3,Thousands,0,Zero
DATAFLOW,OECD.SDD.TPS:DSD_LFS@DF_IALFS_EMP_Q(1.0),Employed population by age groups,I,ISR,Israel,EMP,Employment,PS,Persons,_Z,Not applicable,Y,Calendar and seasonally adjusted,_T,Total,Y15T64,From 15 to 64 years,_Z,Not applicable,Q,Quarterly,2023-Q3,,4087.788,,,,A,Normal value,3,Thousands,0,Zero
DATAFLOW,OECD.SDD.TPS:DSD_LFS@DF_IALFS_EMP_Q(1.0),Employed population by age groups,I,ISR,Israel,EMP,Employment,PS,Persons,_Z,Not applicable,Y,Calendar and seasonally adjusted,_T,Total,Y15T64,From 15 to 64 years,_Z,Not applicable,Q,Quarterly,2023-Q2,,4077.912,,,,A,Normal value,3,Thousands,0,Zero
DATAFLOW,OECD.SDD.TPS:DSD_LFS@DF_IALFS_EMP_Q(1.0),Employed population by age groups,I,ISR,Israel,EMP,Employment,PS,Persons,_Z,Not applicable,Y,Calendar and seasonally adjusted,_T,Total,Y15T64,From 15 to 64 years,_Z,Not applicable,Q,Quarterly,2023-Q1,,4056.112,,,,A,Normal value,3,Thousands,0,Zero
DATAFLOW,OECD.SDD.TPS:DSD_LFS@DF_IALFS_EMP_Q(1.0),Employed population by age groups,I,ISR,Israel,EMP,Employment,PS,Persons,_Z,Not applicable,Y,Calendar and seasonally adjusted,_T,Total,Y15T64,From 15 to 64 years,_Z,Not applicable,Q,Quarterly,2024-Q3,,4133.429,,,,A,Normal value,3,Thousands,0,Zero
DATAFLOW,OECD.SDD.TPS:DSD_LFS@DF_IALFS_EMP_Q(1.0),Employed population by age groups,I,ISR,Israel,EMP,Employment,PS,Persons,_Z,Not applicable,Y,Calendar and seasonally adjusted,_T,Total,Y15T64,From 15 to 64 years,_Z,Not applicable,Q,Quarterly,2024-Q2,,4115.525,,,,A,Normal value,3,Thousands,0,Zero
DATAFLOW,OECD.SDD.TPS:DSD_LFS@DF_IALFS_EMP_Q(1.0),Employed population by age groups,I,ISR,Israel,EMP,Employment,PS,Persons,_Z,Not applicable,Y,Calendar and seasonally adjusted,_T,Total,Y15T64,From 15 to 64 years,_Z,Not applicable,Q,Quarterly,2024-Q1,,4085.812,,,,A,Normal value,3,Thousands,0,Zero
DATAFLOW,OECD.SDD.TPS:DSD_LFS@DF_IALFS_EMP_Q(1.0),Employed population by age groups,I,DEU,Germany,EMP,Employment,PS,Persons,_Z,Not applicable,Y,Calendar and seasonally adjusted,_T,Total,Y15T64,From 15 to 64 years,_Z,Not applicable,Q,Quarterly,2024-Q1,,41579.33,,,,E,Estimated value,3,Thousands,0,Zero
DATAFLOW,OECD.SDD.TPS:DSD_LFS@DF_IALFS_EMP_Q(1.0),Employed population by age groups,I,DEU,Germany,EMP,Employment,PS,Persons,_Z,Not applicable,Y,Calendar and seasonally adjusted,_T,Total,Y15T64,From 15 to 64 years,_Z,Not applicable,Q,Quarterly,2023-Q4,,41454.38,,,,E,Estimated value,3,Thousands,0,Zero
DATAFLOW,OECD.SDD.TPS:DSD_LFS@DF_IALFS_EMP_Q(1.0),Employed population by age groups,I,DEU,Germany,EMP,Employment,PS,Persons,_Z,Not applicable,Y,Calendar and seasonally adjusted,_T,Total,Y15T64,From 15 to 64 years,_Z,Not applicable,Q,Quarterly,2023-Q3,,41344,,,,E,Estimated value,3,Thousands,0,Zero
DATAFLOW,OECD.SDD.TPS:DSD_LFS@DF_IALFS_EMP_Q(1.0),Employed population by age groups,I,DEU,Germany,EMP,Employment,PS,Persons,_Z,Not applicable,Y,Calendar and seasonally adjusted,_T,Total,Y15T64,From 15 to 64 years,_Z,Not applicable,Q,Quarterly,2023-Q2,,41378.7,,,,E,Estimated value,3,Thousands,0,Zero
DATAFLOW,OECD.SDD.TPS:DSD_LFS@DF_IALFS_EMP_Q(1.0),Employed population by age groups,I,DEU,Germany,EMP,Employment,PS,Persons,_Z,Not applicable,Y,Calendar and seasonally adjusted,_T,Total,Y15T64,From 15 to 64 years,_Z,Not applicable,Q,Quarterly,2023-Q1,,41274.93,,,,E,Estimated value,3,Thousands,0,Zero
DATAFLOW,OECD.SDD.TPS:DSD_LFS@DF_IALFS_EMP_Q(1.0),Employed population by age groups,I,LUX,Luxembourg,EMP,Employment,PS,Persons,_Z,Not applicable,Y,Calendar and seasonally adjusted,_T,Total,Y15T64,From 15 to 64 years,_Z,Not applicable,Q,Quarterly,2023-Q4,,315.3263,,,,A,Normal value,3,Thousands,0,Zero
DATAFLOW,OECD.SDD.TPS:DSD_LFS@DF_IALFS_EMP_Q(1.0),Employed population by age groups,I,LUX,Luxembourg,EMP,Employment,PS,Persons,_Z,Not applicable,Y,Calendar and seasonally adjusted,_T,Total,Y15T64,From 15 to 64 years,_Z,Not applicable,Q,Quarterly,2023-Q3,,319.5122,,,,A,Normal value,3,Thousands,0,Zero
DATAFLOW,OECD.SDD.TPS:DSD_LFS@DF_IALFS_EMP_Q(1.0),Employed population by age groups,I,BEL,Belgium,EMP,Employment,PS,Persons,_Z,Not applicable,Y,Calendar and seasonally adjusted,_T,Total,Y15T64,From 15 to 64 years,_Z,Not applicable,Q,Quarterly,2024-Q2,,4977.669,,,,A,Normal value,3,Thousands,0,Zero
DATAFLOW,OECD.SDD.TPS:DSD_LFS@DF_IALFS_EMP_Q(1.0),Employed population by age groups,I,BEL,Belgium,EMP,Employment,PS,Persons,_Z,Not applicable,Y,Calendar and seasonally adjusted,_T,Total,Y15T64,From 15 to 64 years,_Z,Not applicable,Q,Quarterly,2024-Q1,,4950.623,,,,A,Normal value,3,Thousands,0,Zero
DATAFLOW,OECD.SDD.TPS:DSD_LFS@DF_IALFS_EMP_Q(1.0),Employed population by age groups,I,BEL,Belgium,EMP,Employment,PS,Persons,_Z,Not applicable,Y,Calendar and seasonally adjusted,_T,Total,Y15T64,From 15 to 64 years,_Z,Not applicable,Q,Quarterly,2023-Q4,,4981.153,,,,A,Normal value,3,Thousands,0,Zero
DATAFLOW,OECD.SDD.TPS:DSD_LFS@DF_IALFS_EMP_Q(1.0),Employed population by age groups,I,CAN,Canada,EMP,Employment,PS,Persons,_Z,Not applicable,Y,Calendar and seasonally adjusted,_T,Total,Y15T64,From 15 to 64 years,_Z,Not applicable,Q,Quarterly,2023-Q4,,19235.77,,,,A,Normal value,3,Thousands,0,Zero
DATAFLOW,OECD.SDD.TPS:DSD_LFS@DF_IALFS_EMP_Q(1.0),Employed population by age groups,I,CAN,Canada,EMP,Employment,PS,Persons,_Z,Not applicable,Y,Calendar and seasonally adjusted,_T,Total,Y15T64,From 15 to 64 years,_Z,Not applicable,Q,Quarterly,2023-Q3,,19162.47,,,,A,Normal value,3,Thousands,0,Zero
DATAFLOW,OECD.SDD.TPS:DSD_LFS@DF_IALFS_EMP_Q(1.0),Employed population by age groups,I,CAN,Canada,EMP,Employment,PS,Persons,_Z,Not applicable,Y,Calendar and seasonally adjusted,_T,Total,Y15T64,From 15 to 64 years,_Z,Not applicable,Q,Quarterly,2023-Q1,,19021.1,,,,A,Normal value,3,Thousands,0,Zero
DATAFLOW,OECD.SDD.TPS:DSD_LFS@DF_IALFS_EMP_Q(1.0),Employed population by age groups,I,CAN,Canada,EMP,Employment,PS,Persons,_Z,Not applicable,Y,Calendar and seasonally adjusted,_T,Total,Y15T64,From 15 to 64 years,_Z,Not applicable,Q,Quarterly,2024-Q3,,19453.9,,,,A,Normal value,3,Thousands,0,Zero
DATAFLOW,OECD.SDD.TPS:DSD_LFS@DF_IALFS_EMP_Q(1.0),Employed population by age groups,I,ITA,Italy,EMP,Employment,PS,Persons,_Z,Not applicable,Y,Calendar and seasonally adjusted,_T,Total,Y15T64,From 15 to 64 years,_Z,Not applicable,Q,Quarterly,2024-Q1,,23083.31,,,,A,Normal value,3,Thousands,0,Zero
DATAFLOW,OECD.SDD.TPS:DSD_LFS@DF_IALFS_EMP_Q(1.0),Employed population by age groups,I,ITA,Italy,EMP,Employment,PS,Persons,_Z,Not applicable,Y,Calendar and seasonally adjusted,_T,Total,Y15T64,From 15 to 64 years,_Z,Not applicable,Q,Quarterly,2023-Q4,,23022.93,,,,A,Normal value,3,Thousands,0,Zero
DATAFLOW,OECD.SDD.TPS:DSD_LFS@DF_IALFS_EMP_Q(1.0),Employed population by age groups,I,ITA,Italy,EMP,Employment,PS,Persons,_Z,Not applicable,Y,Calendar and seasonally adjusted,_T,Total,Y15T64,From 15 to 64 years,_Z,Not applicable,Q,Quarterly,2023-Q3,,22804.77,,,,A,Normal value,3,Thousands,0,Zero
DATAFLOW,OECD.SDD.TPS:DSD_LFS@DF_IALFS_EMP_Q(1.0),Employed population by age groups,I,ITA,Italy,EMP,Employment,PS,Persons,_Z,Not applicable,Y,Calendar and seasonally adjusted,_T,Total,Y15T64,From 15 to 64 years,_Z,Not applicable,Q,Quarterly,2023-Q2,,22798.26,,,,A,Normal value,3,Thousands,0,Zero
DATAFLOW,OECD.SDD.TPS:DSD_LFS@DF_IALFS_EMP_Q(1.0),Employed population by age groups,I,ITA,Italy,EMP,Employment,PS,Persons,_Z,Not applicable,Y,Calendar and seasonally adjusted,_T,Total,Y15T64,From 15 to 64 years,_Z,Not applicable,Q,Quarterly,2023-Q1,,22713.84,,,,A,Normal value,3,Thousands,0,Zero
DATAFLOW,OECD.SDD.TPS:DSD_LFS@DF_IALFS_EMP_Q(1.0),Employed population by age groups,I,FIN,Finland,EMP,Employment,PS,Persons,_Z,Not applicable,Y,Calendar and seasonally adjusted,_T,Total,Y15T64,From 15 to 64 years,_Z,Not applicable,Q,Quarterly,2023-Q2,,2543.674,,,,A,Normal value,3,Thousands,0,Zero
DATAFLOW,OECD.SDD.TPS:DSD_LFS@DF_IALFS_EMP_Q(1.0),Employed population by age groups,I,FIN,Finland,EMP,Employment,PS,Persons,_Z,Not applicable,Y,Calendar and seasonally adjusted,_T,Total,Y15T64,From 15 to 64 years,_Z,Not applicable,Q,Quarterly,2023-Q1,,2533.705,,,,A,Normal value,3,Thousands,0,Zero
DATAFLOW,OECD.SDD.TPS:DSD_LFS@DF_IALFS_EMP_Q(1.0),Employed population by age groups,I,FIN,Finland,EMP,Employment,PS,Persons,_Z,Not applicable,Y,Calendar and seasonally adjusted,_T,Total,Y15T64,From 15 to 64 years,_Z,Not applicable,Q,Quarterly,2023-Q3,,2530.022,,,,A,Normal value,3,Thousands,0,Zero
DATAFLOW,OECD.SDD.TPS:DSD_LFS@DF_IALFS_EMP_Q(1.0),Employed population by age groups,I,FIN,Finland,EMP,Employment,PS,Persons,_Z,Not applicable,Y,Calendar and seasonally adjusted,_T,Total,Y15T64,From 15 to 64 years,_Z,Not applicable,Q,Quarterly,2024-Q2,,2508.521,,,,A,Normal value,3,Thousands,0,Zero
DATAFLOW,OECD.SDD.TPS:DSD_LFS@DF_IALFS_EMP_Q(1.0),Employed population by age groups,I,FIN,Finland,EMP,Employment,PS,Persons,_Z,Not applicable,Y,Calendar and seasonally adjusted,_T,Total,Y15T64,From 15 to 64 years,_Z,Not applicable,Q,Quarterly,2024-Q1,,2515.458,,,,A,Normal value,3,Thousands,0,Zero
DATAFLOW,OECD.SDD.TPS:DSD_LFS@DF_IALFS_EMP_Q(1.0),Employed population by age groups,I,ZAF,South Africa,EMP,Employment,PS,Persons,_Z,Not applicable,Y,Calendar and seasonally adjusted,_T,Total,Y15T64,From 15 to 64 years,_Z,Not applicable,Q,Quarterly,2023-Q4,,16723.2,,,,A,Normal value,3,Thousands,0,Zero
DATAFLOW,OECD.SDD.TPS:DSD_LFS@DF_IALFS_EMP_Q(1.0),Employed population by age groups,I,ZAF,South Africa,EMP,Employment,PS,Persons,_Z,Not applicable,Y,Calendar and seasonally adjusted,_T,Total,Y15T64,From 15 to 64 years,_Z,Not applicable,Q,Quarterly,2023-Q3,,16744.78,,,,A,Normal value,3,Thousands,0,Zero
DATAFLOW,OECD.SDD.TPS:DSD_LFS@DF_IALFS_EMP_Q(1.0),Employed population by age groups,I,ZAF,South Africa,EMP,Employment,PS,Persons,_Z,Not applicable,Y,Calendar and seasonally adjusted,_T,Total,Y15T64,From 15 to 64 years,_Z,Not applicable,Q,Quarterly,2023-Q2,,16346.19,,,,A,Normal value,3,Thousands,0,Zero
DATAFLOW,OECD.SDD.TPS:DSD_LFS@DF_IALFS_EMP_Q(1.0),Employed population by age groups,I,ZAF,South Africa,EMP,Employment,PS,Persons,_Z,Not applicable,Y,Calendar and seasonally adjusted,_T,Total,Y15T64,From 15 to 64 years,_Z,Not applicable,Q,Quarterly,2023-Q1,,16192.28,,,,A,Normal value,3,Thousands,0,Zero
DATAFLOW,OECD.SDD.TPS:DSD_LFS@DF_IALFS_EMP_Q(1.0),Employed population by age groups,I,ZAF,South Africa,EMP,Employment,PS,Persons,_Z,Not applicable,Y,Calendar and seasonally adjusted,_T,Total,Y15T64,From 15 to 64 years,_Z,Not applicable,Q,Quarterly,2024-Q2,,16652.33,,,,A,Normal value,3,Thousands,0,Zero
DATAFLOW,OECD.SDD.TPS:DSD_LFS@DF_IALFS_EMP_Q(1.0),Employed population by age groups,I,TUR,Türkiye,EMP,Employment,PS,Persons,_Z,Not applicable,Y,Calendar and seasonally adjusted,_T,Total,Y15T64,From 15 to 64 years,_Z,Not applicable,Q,Quarterly,2024-Q1,,31435.13,,,,A,Normal value,3,Thousands,0,Zero
DATAFLOW,OECD.SDD.TPS:DSD_LFS@DF_IALFS_EMP_Q(1.0),Employed population by age groups,I,TUR,Türkiye,EMP,Employment,PS,Persons,_Z,Not applicable,Y,Calendar and seasonally adjusted,_T,Total,Y15T64,From 15 to 64 years,_Z,Not applicable,Q,Quarterly,2023-Q4,,30883.87,,,,A,Normal value,3,Thousands,0,Zero
DATAFLOW,OECD.SDD.TPS:DSD_LFS@DF_IALFS_EMP_Q(1.0),Employed population by age groups,I,TUR,Türkiye,EMP,Employment,PS,Persons,_Z,Not applicable,Y,Calendar and seasonally adjusted,_T,Total,Y15T64,From 15 to 64 years,_Z,Not applicable,Q,Quarterly,2023-Q3,,30650.53,,,,A,Normal value,3,Thousands,0,Zero
DATAFLOW,OECD.SDD.TPS:DSD_LFS@DF_IALFS_EMP_Q(1.0),Employed population by age groups,I,TUR,Türkiye,EMP,Employment,PS,Persons,_Z,Not applicable,Y,Calendar and seasonally adjusted,_T,Total,Y15T64,From 15 to 64 years,_Z,Not applicable,Q,Quarterly,2023-Q2,,30412.05,,,,A,Normal value,3,Thousands,0,Zero
DATAFLOW,OECD.SDD.TPS:DSD_LFS@DF_IALFS_EMP_Q(1.0),Employed population by age groups,I,TUR,Türkiye,EMP,Employment,PS,Persons,_Z,Not applicable,Y,Calendar and seasonally adjusted,_T,Total,Y15T64,From 15 to 64 years,_Z,Not applicable,Q,Quarterly,2023-Q1,,30446.56,,,,A,Normal value,3,Thousands,0,Zero
DATAFLOW,OECD.SDD.TPS:DSD_LFS@DF_IALFS_EMP_Q(1.0),Employed population by age groups,I,COL,Colombia,EMP,Employment,PS,Persons,_Z,Not applicable,Y,Calendar and seasonally adjusted,_T,Total,Y15T64,From 15 to 64 years,_Z,Not applicable,Q,Quarterly,2023-Q3,,21794.86,,,,A,Normal value,3,Thousands,0,Zero
DATAFLOW,OECD.SDD.TPS:DSD_LFS@DF_IALFS_EMP_Q(1.0),Employed population by age groups,I,COL,Colombia,EMP,Employment,PS,Persons,_Z,Not applicable,Y,Calendar and seasonally adjusted,_T,Total,Y15T64,From 15 to 64 years,_Z,Not applicable,Q,Quarterly,2023-Q2,,21821.21,,,,A,Normal value,3,Thousands,0,Zero
DATAFLOW,OECD.SDD.TPS:DSD_LFS@DF_IALFS_EMP_Q(1.0),Employed population by age groups,I,COL,Colombia,EMP,Employment,PS,Persons,_Z,Not applicable,Y,Calendar and seasonally adjusted,_T,Total,Y15T64,From 15 to 64 years,_Z,Not applicable,Q,Quarterly,2023-Q1,,21260.51,,,,A,Normal value,3,Thousands,0,Zero
DATAFLOW,OECD.SDD.TPS:DSD_LFS@DF_IALFS_EMP_Q(1.0),Employed population by age groups,I,COL,Colombia,EMP,Employment,PS,Persons,_Z,Not applicable,Y,Calendar and seasonally adjusted,_T,Total,Y15T64,From 15 to 64 years,_Z,Not applicable,Q,Quarterly,2024-Q3,,21849.51,,,,A,Normal value,3,Thousands,0,Zero
DATAFLOW,OECD.SDD.TPS:DSD_LFS@DF_IALFS_EMP_Q(1.0),Employed population by age groups,I,COL,Colombia,EMP,Employment,PS,Persons,_Z,Not applicable,Y,Calendar and seasonally adjusted,_T,Total,Y15T64,From 15 to 64 years,_Z,Not applicable,Q,Quarterly,2024-Q2,,21868.38,,,,A,Normal value,3,Thousands,0,Zero
DATAFLOW,OECD.SDD.TPS:DSD_LFS@DF_IALFS_EMP_Q(1.0),Employed population by age groups,I,COL,Colombia,EMP,Employment,PS,Persons,_Z,Not applicable,Y,Calendar and seasonally adjusted,_T,Total,Y15T64,From 15 to 64 years,_Z,Not applicable,Q,Quarterly,2024-Q1,,21395.35,,,,A,Normal value,3,Thousands,0,Zero
DATAFLOW,OECD.SDD.TPS:DSD_LFS@DF_IALFS_EMP_Q(1.0),Employed population by age groups,I,SWE,Sweden,EMP,Employment,PS,Persons,_Z,Not applicable,Y,Calendar and seasonally adjusted,_T,Total,Y15T64,From 15 to 64 years,_Z,Not applicable,Q,Quarterly,2024-Q1,,5041.998,,,,A,Normal value,3,Thousands,0,Zero
DATAFLOW,OECD.SDD.TPS:DSD_LFS@DF_IALFS_EMP_Q(1.0),Employed population by age groups,I,SWE,Sweden,EMP,Employment,PS,Persons,_Z,Not applicable,Y,Calendar and seasonally adjusted,_T,Total,Y15T64,From 15 to 64 years,_Z,Not applicable,Q,Quarterly,2023-Q4,,5044.598,,,,A,Normal value,3,Thousands,0,Zero
DATAFLOW,OECD.SDD.TPS:DSD_LFS@DF_IALFS_EMP_Q(1.0),Employed population by age groups,I,SWE,Sweden,EMP,Employment,PS,Persons,_Z,Not applicable,Y,Calendar and seasonally adjusted,_T,Total,Y15T64,From 15 to 64 years,_Z,Not applicable,Q,Quarterly,2023-Q3,,5057.331,,,,A,Normal value,3,Thousands,0,Zero
DATAFLOW,OECD.SDD.TPS:DSD_LFS@DF_IALFS_EMP_Q(1.0),Employed population by age groups,I,SWE,Sweden,EMP,Employment,PS,Persons,_Z,Not applicable,Y,Calendar and seasonally adjusted,_T,Total,Y15T64,From 15 to 64 years,_Z,Not applicable,Q,Quarterly,2023-Q2,,5075.26,,,,A,Normal value,3,Thousands,0,Zero
DATAFLOW,OECD.SDD.TPS:DSD_LFS@DF_IALFS_EMP_Q(1.0),Employed population by age groups,I,SWE,Sweden,EMP,Employment,PS,Persons,_Z,Not applicable,Y,Calendar and seasonally adjusted,_T,Total,Y15T64,From 15 to 64 years,_Z,Not applicable,Q,Quarterly,2023-Q1,,5058.811,,,,A,Normal value,3,Thousands,0,Zero
DATAFLOW,OECD.SDD.TPS:DSD_LFS@DF_IALFS_EMP_Q(1.0),Employed population by age groups,I,SVK,Slovak Republic,EMP,Employment,PS,Persons,_Z,Not applicable,Y,Calendar and seasonally adjusted,_T,Total,Y15T64,From 15 to 64 years,_Z,Not applicable,Q,Quarterly,2024-Q1,,2559.062,,,,A,Normal value,3,Thousands,0,Zero
DATAFLOW,OECD.SDD.TPS:DSD_LFS@DF_IALFS_EMP_Q(1.0),Employed population by age groups,I,SVK,Slovak Republic,EMP,Employment,PS,Persons,_Z,Not applicable,Y,Calendar and seasonally adjusted,_T,Total,Y15T64,From 15 to 64 years,_Z,Not applicable,Q,Quarterly,2023-Q4,,2568.072,,,,A,Normal value,3,Thousands,0,Zero
DATAFLOW,OECD.SDD.TPS:DSD_LFS@DF_IALFS_EMP_Q(1.0),Employed population by age groups,I,SVK,Slovak Republic,EMP,Employment,PS,Persons,_Z,Not applicable,Y,Calendar and seasonally adjusted,_T,Total,Y15T64,From 15 to 64 years,_Z,Not applicable,Q,Quarterly,2023-Q3,,2555.764,,,,A,Normal value,3,Thousands,0,Zero
DATAFLOW,OECD.SDD.TPS:DSD_LFS@DF_IALFS_EMP_Q(1.0),Employed population by age groups,I,SVK,Slovak Republic,EMP,Employment,PS,Persons,_Z,Not applicable,Y,Calendar and seasonally adjusted,_T,Total,Y15T64,From 15 to 64 years,_Z,Not applicable,Q,Quarterly,2023-Q2,,2560.139,,,,A,Normal value,3,Thousands,0,Zero
DATAFLOW,OECD.SDD.TPS:DSD_LFS@DF_IALFS_EMP_Q(1.0),Employed population by age groups,I,SVK,Slovak Republic,EMP,Employment,PS,Persons,_Z,Not applicable,Y,Calendar and seasonally adjusted,_T,Total,Y15T64,From 15 to 64 years,_Z,Not applicable,Q,Quarterly,2023-Q1,,2555.525,,,,A,Normal value,3,Thousands,0,Zero
DATAFLOW,OECD.SDD.TPS:DSD_LFS@DF_IALFS_EMP_Q(1.0),Employed population by age groups,I,GRC,Greece,EMP,Employment,PS,Persons,_Z,Not applicable,Y,Calendar and seasonally adjusted,_T,Total,Y15T64,From 15 to 64 years,_Z,Not applicable,Q,Quarterly,2024-Q1,,4126.447,,,,A,Normal value,3,Thousands,0,Zero
DATAFLOW,OECD.SDD.TPS:DSD_LFS@DF_IALFS_EMP_Q(1.0),Employed population by age groups,I,GRC,Greece,EMP,Employment,PS,Persons,_Z,Not applicable,Y,Calendar and seasonally adjusted,_T,Total,Y15T64,From 15 to 64 years,_Z,Not applicable,Q,Quarterly,2023-Q4,,4087.386,,,,A,Normal value,3,Thousands,0,Zero
DATAFLOW,OECD.SDD.TPS:DSD_LFS@DF_IALFS_EMP_Q(1.0),Employed population by age groups,I,GRC,Greece,EMP,Employment,PS,Persons,_Z,Not applicable,Y,Calendar and seasonally adjusted,_T,Total,Y15T64,From 15 to 64 years,_Z,Not applicable,Q,Quarterly,2023-Q3,,4059.946,,,,A,Normal value,3,Thousands,0,Zero
DATAFLOW,OECD.SDD.TPS:DSD_LFS@DF_IALFS_EMP_Q(1.0),Employed population by age groups,I,GRC,Greece,EMP,Employment,PS,Persons,_Z,Not applicable,Y,Calendar and seasonally adjusted,_T,Total,Y15T64,From 15 to 64 years,_Z,Not applicable,Q,Quarterly,2023-Q2,,4104.059,,,,A,Normal value,3,Thousands,0,Zero
DATAFLOW,OECD.SDD.TPS:DSD_LFS@DF_IALFS_EMP_Q(1.0),Employed population by age groups,I,GRC,Greece,EMP,Employment,PS,Persons,_Z,Not applicable,Y,Calendar and seasonally adjusted,_T,Total,Y15T64,From 15 to 64 years,_Z,Not applicable,Q,Quarterly,2023-Q1,,4061.608,,,,A,Normal value,3,Thousands,0,Zero
DATAFLOW,OECD.SDD.TPS:DSD_LFS@DF_IALFS_EMP_Q(1.0),Employed population by age groups,I,AUT,Austria,EMP,Employment,PS,Persons,_Z,Not applicable,Y,Calendar and seasonally adjusted,_T,Total,Y15T64,From 15 to 64 years,_Z,Not applicable,Q,Quarterly,2024-Q1,,4397.499,,,,A,Normal value,3,Thousands,0,Zero
DATAFLOW,OECD.SDD.TPS:DSD_LFS@DF_IALFS_EMP_Q(1.0),Employed population by age groups,I,AUT,Austria,EMP,Employment,PS,Persons,_Z,Not applicable,Y,Calendar and seasonally adjusted,_T,Total,Y15T64,From 15 to 64 years,_Z,Not applicable,Q,Quarterly,2023-Q4,,4396.846,,,,A,Normal value,3,Thousands,0,Zero
DATAFLOW,OECD.SDD.TPS:DSD_LFS@DF_IALFS_EMP_Q(1.0),Employed population by age groups,I,AUT,Austria,EMP,Employment,PS,Persons,_Z,Not applicable,Y,Calendar and seasonally adjusted,_T,Total,Y15T64,From 15 to 64 years,_Z,Not applicable,Q,Quarterly,2023-Q3,,4392.405,,,,A,Normal value,3,Thousands,0,Zero
DATAFLOW,OECD.SDD.TPS:DSD_LFS@DF_IALFS_EMP_Q(1.0),Employed population by age groups,I,AUT,Austria,EMP,Employment,PS,Persons,_Z,Not applicable,Y,Calendar and seasonally adjusted,_T,Total,Y15T64,From 15 to 64 years,_Z,Not applicable,Q,Quarterly,2023-Q2,,4408.939,,,,A,Normal value,3,Thousands,0,Zero
DATAFLOW,OECD.SDD.TPS:DSD_LFS@DF_IALFS_EMP_Q(1.0),Employed population by age groups,I,AUT,Austria,EMP,Employment,PS,Persons,_Z,Not applicable,Y,Calendar and seasonally adjusted,_T,Total,Y15T64,From 15 to 64 years,_Z,Not applicable,Q,Quarterly,2023-Q1,,4379.209,,,,A,Normal value,3,Thousands,0,Zero
DATAFLOW,OECD.SDD.TPS:DSD_LFS@DF_IALFS_EMP_Q(1.0),Employed population by age groups,I,G7,G7,EMP,Employment,PS,Persons,_Z,Not applicable,Y,Calendar and seasonally adjusted,_T,Total,Y15T64,From 15 to 64 years,_Z,Not applicable,Q,Quarterly,2024-Q1,,352142.8,,,,E,Estimated value,3,Thousands,0,Zero
DATAFLOW,OECD.SDD.TPS:DSD_LFS@DF_IALFS_EMP_Q(1.0),Employed population by age groups,I,G7,G7,EMP,Employment,PS,Persons,_Z,Not applicable,Y,Calendar and seasonally adjusted,_T,Total,Y15T64,From 15 to 64 years,_Z,Not applicable,Q,Quarterly,2023-Q4,,352463.8,,,,E,Estimated value,3,Thousands,0,Zero
DATAFLOW,OECD.SDD.TPS:DSD_LFS@DF_IALFS_EMP_Q(1.0),Employed population by age groups,I,G7,G7,EMP,Employment,PS,Persons,_Z,Not applicable,Y,Calendar and seasonally adjusted,_T,Total,Y15T64,From 15 to 64 years,_Z,Not applicable,Q,Quarterly,2023-Q3,,351801.5,,,,E,Estimated value,3,Thousands,0,Zero
DATAFLOW,OECD.SDD.TPS:DSD_LFS@DF_IALFS_EMP_Q(1.0),Employed population by age groups,I,G7,G7,EMP,Employment,PS,Persons,_Z,Not applicable,Y,Calendar and seasonally adjusted,_T,Total,Y15T64,From 15 to 64 years,_Z,Not applicable,Q,Quarterly,2023-Q2,,351477,,,,E,Estimated value,3,Thousands,0,Zero
DATAFLOW,OECD.SDD.TPS:DSD_LFS@DF_IALFS_EMP_Q(1.0),Employed population by age groups,I,G7,G7,EMP,Employment,PS,Persons,_Z,Not applicable,Y,Calendar and seasonally adjusted,_T,Total,Y15T64,From 15 to 64 years,_Z,Not applicable,Q,Quarterly,2023-Q1,,350267.8,,,,E,Estimated value,3,Thousands,0,Zero
DATAFLOW,OECD.SDD.TPS:DSD_LFS@DF_IALFS_EMP_Q(1.0),Employed population by age groups,I,LVA,Latvia,EMP,Employment,PS,Persons,_Z,Not applicable,Y,Calendar and seasonally adjusted,_T,Total,Y15T64,From 15 to 64 years,_Z,Not applicable,Q,Quarterly,2024-Q2,,829.4296,,,,A,Normal value,3,Thousands,0,Zero
DATAFLOW,OECD.SDD.TPS:DSD_LFS@DF_IALFS_EMP_Q(1.0),Employed population by age groups,I,LVA,Latvia,EMP,Employment,PS,Persons,_Z,Not applicable,Y,Calendar and seasonally adjusted,_T,Total,Y15T64,From 15 to 64 years,_Z,Not applicable,Q,Quarterly,2024-Q1,,829.4583,,,,A,Normal value,3,Thousands,0,Zero
DATAFLOW,OECD.SDD.TPS:DSD_LFS@DF_IALFS_EMP_Q(1.0),Employed population by age groups,I,LVA,Latvia,EMP,Employment,PS,Persons,_Z,Not applicable,Y,Calendar and seasonally adjusted,_T,Total,Y15T64,From 15 to 64 years,_Z,Not applicable,Q,Quarterly,2023-Q4,,827.1523,,,,A,Normal value,3,Thousands,0,Zero
DATAFLOW,OECD.SDD.TPS:DSD_LFS@DF_IALFS_EMP_Q(1.0),Employed population by age groups,I,LVA,Latvia,EMP,Employment,PS,Persons,_Z,Not applicable,Y,Calendar and seasonally adjusted,_T,Total,Y15T64,From 15 to 64 years,_Z,Not applicable,Q,Quarterly,2023-Q3,,835.4841,,,,A,Normal value,3,Thousands,0,Zero
DATAFLOW,OECD.SDD.TPS:DSD_LFS@DF_IALFS_EMP_Q(1.0),Employed population by age groups,I,LVA,Latvia,EMP,Employment,PS,Persons,_Z,Not applicable,Y,Calendar and seasonally adjusted,_T,Total,Y15T64,From 15 to 64 years,_Z,Not applicable,Q,Quarterly,2023-Q2,,838.3261,,,,A,Normal value,3,Thousands,0,Zero
DATAFLOW,OECD.SDD.TPS:DSD_LFS@DF_IALFS_EMP_Q(1.0),Employed population by age groups,I,USA,United States,EMP,Employment,PS,Persons,_Z,Not applicable,Y,Calendar and seasonally adjusted,_T,Total,Y15T64,From 15 to 64 years,_Z,Not applicable,Q,Quarterly,2024-Q3,,150047.3,,,,A,Normal value,3,Thousands,0,Zero
DATAFLOW,OECD.SDD.TPS:DSD_LFS@DF_IALFS_EMP_Q(1.0),Employed population by age groups,I,USA,United States,EMP,Employment,PS,Persons,_Z,Not applicable,Y,Calendar and seasonally adjusted,_T,Total,Y15T64,From 15 to 64 years,_Z,Not applicable,Q,Quarterly,2024-Q2,,150077.7,,,,A,Normal value,3,Thousands,0,Zero
DATAFLOW,OECD.SDD.TPS:DSD_LFS@DF_IALFS_EMP_Q(1.0),Employed population by age groups,I,USA,United States,EMP,Employment,PS,Persons,_Z,Not applicable,Y,Calendar and seasonally adjusted,_T,Total,Y15T64,From 15 to 64 years,_Z,Not applicable,Q,Quarterly,2024-Q1,,150130.9,,,,A,Normal value,3,Thousands,0,Zero
DATAFLOW,OECD.SDD.TPS:DSD_LFS@DF_IALFS_EMP_Q(1.0),Employed population by age groups,I,USA,United States,EMP,Employment,PS,Persons,_Z,Not applicable,Y,Calendar and seasonally adjusted,_T,Total,Y15T64,From 15 to 64 years,_Z,Not applicable,Q,Quarterly,2023-Q4,,150459.5,,,,A,Normal value,3,Thousands,0,Zero
DATAFLOW,OECD.SDD.TPS:DSD_LFS@DF_IALFS_EMP_Q(1.0),Employed population by age groups,I,USA,United States,EMP,Employment,PS,Persons,_Z,Not applicable,Y,Calendar and seasonally adjusted,_T,Total,Y15T64,From 15 to 64 years,_Z,Not applicable,Q,Quarterly,2023-Q3,,150413.8,,,,A,Normal value,3,Thousands,0,Zero
DATAFLOW,OECD.SDD.TPS:DSD_LFS@DF_IALFS_EMP_Q(1.0),Employed population by age groups,I,USA,United States,EMP,Employment,PS,Persons,_Z,Not applicable,Y,Calendar and seasonally adjusted,_T,Total,Y15T64,From 15 to 64 years,_Z,Not applicable,Q,Quarterly,2023-Q2,,150028.3,,,,A,Normal value,3,Thousands,0,Zero
DATAFLOW,OECD.SDD.TPS:DSD_LFS@DF_IALFS_EMP_Q(1.0),Employed population by age groups,I,NZL,New Zealand,EMP,Employment,PS,Persons,_Z,Not applicable,Y,Calendar and seasonally adjusted,_T,Total,Y15T64,From 15 to 64 years,_Z,Not applicable,Q,Quarterly,2023-Q3,,2725.277,,,,A,Normal value,3,Thousands,0,Zero
DATAFLOW,OECD.SDD.TPS:DSD_LFS@DF_IALFS_EMP_Q(1.0),Employed population by age groups,I,NZL,New Zealand,EMP,Employment,PS,Persons,_Z,Not applicable,Y,Calendar and seasonally adjusted,_T,Total,Y15T64,From 15 to 64 years,_Z,Not applicable,Q,Quarterly,2023-Q2,,2718.877,,,,A,Normal value,3,Thousands,0,Zero
DATAFLOW,OECD.SDD.TPS:DSD_LFS@DF_IALFS_EMP_Q(1.0),Employed population by age groups,I,NZL,New Zealand,EMP,Employment,PS,Persons,_Z,Not applicable,Y,Calendar and seasonally adjusted,_T,Total,Y15T64,From 15 to 64 years,_Z,Not applicable,Q,Quarterly,2023-Q1,,2691.314,,,,A,Normal value,3,Thousands,0,Zero
DATAFLOW,OECD.SDD.TPS:DSD_LFS@DF_IALFS_EMP_Q(1.0),Employed population by age groups,I,NZL,New Zealand,EMP,Employment,PS,Persons,_Z,Not applicable,Y,Calendar and seasonally adjusted,_T,Total,Y15T64,From 15 to 64 years,_Z,Not applicable,Q,Quarterly,2024-Q3,,2717.163,,,,A,Normal value,3,Thousands,0,Zero
DATAFLOW,OECD.SDD.TPS:DSD_LFS@DF_IALFS_EMP_Q(1.0),Employed population by age groups,I,NZL,New Zealand,EMP,Employment,PS,Persons,_Z,Not applicable,Y,Calendar and seasonally adjusted,_T,Total,Y15T64,From 15 to 64 years,_Z,Not applicable,Q,Quarterly,2024-Q2,,2728.357,,,,A,Normal value,3,Thousands,0,Zero
DATAFLOW,OECD.SDD.TPS:DSD_LFS@DF_IALFS_EMP_Q(1.0),Employed population by age groups,I,NZL,New Zealand,EMP,Employment,PS,Persons,_Z,Not applicable,Y,Calendar and seasonally adjusted,_T,Total,Y15T64,From 15 to 64 years,_Z,Not applicable,Q,Quarterly,2024-Q1,,2723.898,,,,A,Normal value,3,Thousands,0,Zero
DATAFLOW,OECD.SDD.TPS:DSD_LFS@DF_IALFS_EMP_Q(1.0),Employed population by age groups,I,ESP,Spain,EMP,Employment,PS,Persons,_Z,Not applicable,Y,Calendar and seasonally adjusted,_T,Total,Y15T64,From 15 to 64 years,_Z,Not applicable,Q,Quarterly,2024-Q1,,21174.23,,,,A,Normal value,3,Thousands,0,Zero
DATAFLOW,OECD.SDD.TPS:DSD_LFS@DF_IALFS_EMP_Q(1.0),Employed population by age groups,I,ESP,Spain,EMP,Employment,PS,Persons,_Z,Not applicable,Y,Calendar and seasonally adjusted,_T,Total,Y15T64,From 15 to 64 years,_Z,Not applicable,Q,Quarterly,2023-Q4,,21094.99,,,,A,Normal value,3,Thousands,0,Zero
DATAFLOW,OECD.SDD.TPS:DSD_LFS@DF_IALFS_EMP_Q(1.0),Employed population by age groups,I,ESP,Spain,EMP,Employment,PS,Persons,_Z,Not applicable,Y,Calendar and seasonally adjusted,_T,Total,Y15T64,From 15 to 64 years,_Z,Not applicable,Q,Quarterly,2023-Q3,,20952.51,,,,A,Normal value,3,Thousands,0,Zero
DATAFLOW,OECD.SDD.TPS:DSD_LFS@DF_IALFS_EMP_Q(1.0),Employed population by age groups,I,ESP,Spain,EMP,Employment,PS,Persons,_Z,Not applicable,Y,Calendar and seasonally adjusted,_T,Total,Y15T64,From 15 to 64 years,_Z,Not applicable,Q,Quarterly,2023-Q2,,20795.12,,,,A,Normal value,3,Thousands,0,Zero
DATAFLOW,OECD.SDD.TPS:DSD_LFS@DF_IALFS_EMP_Q(1.0),Employed population by age groups,I,ESP,Spain,EMP,Employment,PS,Persons,_Z,Not applicable,Y,Calendar and seasonally adjusted,_T,Total,Y15T64,From 15 to 64 years,_Z,Not applicable,Q,Quarterly,2023-Q1,,20563.17,,,,A,Normal value,3,Thousands,0,Zero
DATAFLOW,OECD.SDD.TPS:DSD_LFS@DF_IALFS_EMP_Q(1.0),Employed population by age groups,I,GBR,United Kingdom,EMP,Employment,PS,Persons,_Z,Not applicable,Y,Calendar and seasonally adjusted,_T,Total,Y15T64,From 15 to 64 years,_Z,Not applicable,Q,Quarterly,2023-Q1,,31771,,,,A,Normal value,3,Thousands,0,Zero
DATAFLOW,OECD.SDD.TPS:DSD_LFS@DF_IALFS_EMP_Q(1.0),Employed population by age groups,I,GBR,United Kingdom,EMP,Employment,PS,Persons,_Z,Not applicable,Y,Calendar and seasonally adjusted,_T,Total,Y15T64,From 15 to 64 years,_Z,Not applicable,Q,Quarterly,2024-Q2,,31612,,,,A,Normal value,3,Thousands,0,Zero
DATAFLOW,OECD.SDD.TPS:DSD_LFS@DF_IALFS_EMP_Q(1.0),Employed population by age groups,I,GBR,United Kingdom,EMP,Employment,PS,Persons,_Z,Not applicable,Y,Calendar and seasonally adjusted,_T,Total,Y15T64,From 15 to 64 years,_Z,Not applicable,Q,Quarterly,2024-Q1,,31552,,,,A,Normal value,3,Thousands,0,Zero
DATAFLOW,OECD.SDD.TPS:DSD_LFS@DF_IALFS_EMP_Q(1.0),Employed population by age groups,I,GBR,United Kingdom,EMP,Employment,PS,Persons,_Z,Not applicable,Y,Calendar and seasonally adjusted,_T,Total,Y15T64,From 15 to 64 years,_Z,Not applicable,Q,Quarterly,2023-Q4,,31755,,,,A,Normal value,3,Thousands,0,Zero
DATAFLOW,OECD.SDD.TPS:DSD_LFS@DF_IALFS_EMP_Q(1.0),Employed population by age groups,I,GBR,United Kingdom,EMP,Employment,PS,Persons,_Z,Not applicable,Y,Calendar and seasonally adjusted,_T,Total,Y15T64,From 15 to 64 years,_Z,Not applicable,Q,Quarterly,2023-Q3,,31654,,,,A,Normal value,3,Thousands,0,Zero
DATAFLOW,OECD.SDD.TPS:DSD_LFS@DF_IALFS_EMP_Q(1.0),Employed population by age groups,I,ISL,Iceland,EMP,Employment,PS,Persons,_Z,Not applicable,Y,Calendar and seasonally adjusted,_T,Total,Y15T64,From 15 to 64 years,_Z,Not applicable,Q,Quarterly,2023-Q4,,209.7812,,,,A,Normal value,3,Thousands,0,Zero
DATAFLOW,OECD.SDD.TPS:DSD_LFS@DF_IALFS_EMP_Q(1.0),Employed population by age groups,I,ISL,Iceland,EMP,Employment,PS,Persons,_Z,Not applicable,Y,Calendar and seasonally adjusted,_T,Total,Y15T64,From 15 to 64 years,_Z,Not applicable,Q,Quarterly,2023-Q3,,208.3262,,,,A,Normal value,3,Thousands,0,Zero
DATAFLOW,OECD.SDD.TPS:DSD_LFS@DF_IALFS_EMP_Q(1.0),Employed population by age groups,I,ISL,Iceland,EMP,Employment,PS,Persons,_Z,Not applicable,Y,Calendar and seasonally adjusted,_T,Total,Y15T64,From 15 to 64 years,_Z,Not applicable,Q,Quarterly,2023-Q2,,208.2472,,,,A,Normal value,3,Thousands,0,Zero
DATAFLOW,OECD.SDD.TPS:DSD_LFS@DF_IALFS_EMP_Q(1.0),Employed population by age groups,I,ISL,Iceland,EMP,Employment,PS,Persons,_Z,Not applicable,Y,Calendar and seasonally adjusted,_T,Total,Y15T64,From 15 to 64 years,_Z,Not applicable,Q,Quarterly,2023-Q1,,203.9454,,,,A,Normal value,3,Thousands,0,Zero
DATAFLOW,OECD.SDD.TPS:DSD_LFS@DF_IALFS_EMP_Q(1.0),Employed population by age groups,I,ISL,Iceland,EMP,Employment,PS,Persons,_Z,Not applicable,Y,Calendar and seasonally adjusted,_T,Total,Y15T64,From 15 to 64 years,_Z,Not applicable,Q,Quarterly,2024-Q2,,217.6709,,,,A,Normal value,3,Thousands,0,Zero
DATAFLOW,OECD.SDD.TPS:DSD_LFS@DF_IALFS_EMP_Q(1.0),Employed population by age groups,I,NLD,Netherlands,EMP,Employment,PS,Persons,_Z,Not applicable,Y,Calendar and seasonally adjusted,_T,Total,Y15T64,From 15 to 64 years,_Z,Not applicable,Q,Quarterly,2023-Q3,,9379.228,,,,A,Normal value,3,Thousands,0,Zero
DATAFLOW,OECD.SDD.TPS:DSD_LFS@DF_IALFS_EMP_Q(1.0),Employed population by age groups,I,NLD,Netherlands,EMP,Employment,PS,Persons,_Z,Not applicable,Y,Calendar and seasonally adjusted,_T,Total,Y15T64,From 15 to 64 years,_Z,Not applicable,Q,Quarterly,2023-Q2,,9388.265,,,,A,Normal value,3,Thousands,0,Zero
DATAFLOW,OECD.SDD.TPS:DSD_LFS@DF_IALFS_EMP_Q(1.0),Employed population by age groups,I,NLD,Netherlands,EMP,Employment,PS,Persons,_Z,Not applicable,Y,Calendar and seasonally adjusted,_T,Total,Y15T64,From 15 to 64 years,_Z,Not applicable,Q,Quarterly,2023-Q1,,9369.38,,,,A,Normal value,3,Thousands,0,Zero
DATAFLOW,OECD.SDD.TPS:DSD_LFS@DF_IALFS_EMP_Q(1.0),Employed population by age groups,I,NLD,Netherlands,EMP,Employment,PS,Persons,_Z,Not applicable,Y,Calendar and seasonally adjusted,_T,Total,Y15T64,From 15 to 64 years,_Z,Not applicable,Q,Quarterly,2024-Q2,,9431.288,,,,A,Normal value,3,Thousands,0,Zero
DATAFLOW,OECD.SDD.TPS:DSD_LFS@DF_IALFS_EMP_Q(1.0),Employed population by age groups,I,NLD,Netherlands,EMP,Employment,PS,Persons,_Z,Not applicable,Y,Calendar and seasonally adjusted,_T,Total,Y15T64,From 15 to 64 years,_Z,Not applicable,Q,Quarterly,2024-Q1,,9419.829,,,,A,Normal value,3,Thousands,0,Zero
DATAFLOW,OECD.SDD.TPS:DSD_LFS@DF_IALFS_EMP_Q(1.0),Employed population by age groups,I,EST,Estonia,EMP,Employment,PS,Persons,_Z,Not applicable,Y,Calendar and seasonally adjusted,_T,Total,Y15T64,From 15 to 64 years,_Z,Not applicable,Q,Quarterly,2023-Q1,,654.3346,,,,A,Normal value,3,Thousands,0,Zero
DATAFLOW,OECD.SDD.TPS:DSD_LFS@DF_IALFS_EMP_Q(1.0),Employed population by age groups,I,EST,Estonia,EMP,Employment,PS,Persons,_Z,Not applicable,Y,Calendar and seasonally adjusted,_T,Total,Y15T64,From 15 to 64 years,_Z,Not applicable,Q,Quarterly,2024-Q2,,660.0623,,,,A,Normal value,3,Thousands,0,Zero
DATAFLOW,OECD.SDD.TPS:DSD_LFS@DF_IALFS_EMP_Q(1.0),Employed population by age groups,I,EST,Estonia,EMP,Employment,PS,Persons,_Z,Not applicable,Y,Calendar and seasonally adjusted,_T,Total,Y15T64,From 15 to 64 years,_Z,Not applicable,Q,Quarterly,2024-Q1,,651.8998,,,,A,Normal value,3,Thousands,0,Zero
DATAFLOW,OECD.SDD.TPS:DSD_LFS@DF_IALFS_EMP_Q(1.0),Employed population by age groups,I,EST,Estonia,EMP,Employment,PS,Persons,_Z,Not applicable,Y,Calendar and seasonally adjusted,_T,Total,Y15T64,From 15 to 64 years,_Z,Not applicable,Q,Quarterly,2023-Q4,,650.668,,,,A,Normal value,3,Thousands,0,Zero
DATAFLOW,OECD.SDD.TPS:DSD_LFS@DF_IALFS_EMP_Q(1.0),Employed population by age groups,I,EST,Estonia,EMP,Employment,PS,Persons,_Z,Not applicable,Y,Calendar and seasonally adjusted,_T,Total,Y15T64,From 15 to 64 years,_Z,Not applicable,Q,Quarterly,2023-Q3,,651.6413,,,,A,Normal value,3,Thousands,0,Zero
DATAFLOW,OECD.SDD.TPS:DSD_LFS@DF_IALFS_EMP_Q(1.0),Employed population by age groups,I,SVN,Slovenia,EMP,Employment,PS,Persons,_Z,Not applicable,Y,Calendar and seasonally adjusted,_T,Total,Y15T64,From 15 to 64 years,_Z,Not applicable,Q,Quarterly,2023-Q4,,977.0524,,,,A,Normal value,3,Thousands,0,Zero
DATAFLOW,OECD.SDD.TPS:DSD_LFS@DF_IALFS_EMP_Q(1.0),Employed population by age groups,I,SVN,Slovenia,EMP,Employment,PS,Persons,_Z,Not applicable,Y,Calendar and seasonally adjusted,_T,Total,Y15T64,From 15 to 64 years,_Z,Not applicable,Q,Quarterly,2023-Q3,,969.0823,,,,A,Normal value,3,Thousands,0,Zero
DATAFLOW,OECD.SDD.TPS:DSD_LFS@DF_IALFS_EMP_Q(1.0),Employed population by age groups,I,SVN,Slovenia,EMP,Employment,PS,Persons,_Z,Not applicable,Y,Calendar and seasonally adjusted,_T,Total,Y15T64,From 15 to 64 years,_Z,Not applicable,Q,Quarterly,2023-Q2,,973.2144,,,,A,Normal value,3,Thousands,0,Zero
DATAFLOW,OECD.SDD.TPS:DSD_LFS@DF_IALFS_EMP_Q(1.0),Employed population by age groups,I,SVN,Slovenia,EMP,Employment,PS,Persons,_Z,Not applicable,Y,Calendar and seasonally adjusted,_T,Total,Y15T64,From 15 to 64 years,_Z,Not applicable,Q,Quarterly,2023-Q1,,962.4509,,,,A,Normal value,3,Thousands,0,Zero
DATAFLOW,OECD.SDD.TPS:DSD_LFS@DF_IALFS_EMP_Q(1.0),Employed population by age groups,I,SVN,Slovenia,EMP,Employment,PS,Persons,_Z,Not applicable,Y,Calendar and seasonally adjusted,_T,Total,Y15T64,From 15 to 64 years,_Z,Not applicable,Q,Quarterly,2024-Q2,,978.4294,,,,A,Normal value,3,Thousands,0,Zero
DATAFLOW,OECD.SDD.TPS:DSD_LFS@DF_IALFS_EMP_Q(1.0),Employed population by age groups,I,KOR,Korea,EMP,Employment,PS,Persons,_Z,Not applicable,Y,Calendar and seasonally adjusted,_T,Total,Y15T64,From 15 to 64 years,_Z,Not applicable,Q,Quarterly,2023-Q2,,24942.21,,,,A,Normal value,3,Thousands,0,Zero
DATAFLOW,OECD.SDD.TPS:DSD_LFS@DF_IALFS_EMP_Q(1.0),Employed population by age groups,I,KOR,Korea,EMP,Employment,PS,Persons,_Z,Not applicable,Y,Calendar and seasonally adjusted,_T,Total,Y15T64,From 15 to 64 years,_Z,Not applicable,Q,Quarterly,2023-Q1,,24831.2,,,,A,Normal value,3,Thousands,0,Zero
DATAFLOW,OECD.SDD.TPS:DSD_LFS@DF_IALFS_EMP_Q(1.0),Employed population by age groups,I,KOR,Korea,EMP,Employment,PS,Persons,_Z,Not applicable,Y,Calendar and seasonally adjusted,_T,Total,Y15T64,From 15 to 64 years,_Z,Not applicable,Q,Quarterly,2024-Q3,,24748.78,,,,A,Normal value,3,Thousands,0,Zero
DATAFLOW,OECD.SDD.TPS:DSD_LFS@DF_IALFS_EMP_Q(1.0),Employed population by age groups,I,EA20,Euro area (20 countries),EMP,Employment,PS,Persons,_Z,Not applicable,Y,Calendar and seasonally adjusted,_T,Total,Y15T64,From 15 to 64 years,_Z,Not applicable,Q,Quarterly,2023-Q3,,154822.9,,,,A,Normal value,3,Thousands,0,Zero
DATAFLOW,OECD.SDD.TPS:DSD_LFS@DF_IALFS_EMP_Q(1.0),Employed population by age groups,I,EA20,Euro area (20 countries),EMP,Employment,PS,Persons,_Z,Not applicable,Y,Calendar and seasonally adjusted,_T,Total,Y15T64,From 15 to 64 years,_Z,Not applicable,Q,Quarterly,2023-Q2,,154924.2,,,,A,Normal value,3,Thousands,0,Zero
DATAFLOW,OECD.SDD.TPS:DSD_LFS@DF_IALFS_EMP_Q(1.0),Employed population by age groups,I,OECD,OECD,EMP,Employment,PS,Persons,_Z,Not applicable,Y,Calendar and seasonally adjusted,_T,Total,Y15T64,From 15 to 64 years,_Z,Not applicable,Q,Quarterly,2024-Q1,,619609.4,,,,E,Estimated value,3,Thousands,0,Zero
DATAFLOW,OECD.SDD.TPS:DSD_LFS@DF_IALFS_EMP_Q(1.0),Employed population by age groups,I,OECD,OECD,EMP,Employment,PS,Persons,_Z,Not applicable,Y,Calendar and seasonally adjusted,_T,Total,Y15T64,From 15 to 64 years,_Z,Not applicable,Q,Quarterly,2023-Q4,,618655.9,,,,E,Estimated value,3,Thousands,0,Zero
DATAFLOW,OECD.SDD.TPS:DSD_LFS@DF_IALFS_EMP_Q(1.0),Employed population by age groups,I,OECD,OECD,EMP,Employment,PS,Persons,_Z,Not applicable,Y,Calendar and seasonally adjusted,_T,Total,Y15T64,From 15 to 64 years,_Z,Not applicable,Q,Quarterly,2023-Q3,,617750.6,,,,E,Estimated value,3,Thousands,0,Zero
DATAFLOW,OECD.SDD.TPS:DSD_LFS@DF_IALFS_EMP_Q(1.0),Employed population by age groups,I,KOR,Korea,EMP,Employment,PS,Persons,_Z,Not applicable,Y,Calendar and seasonally adjusted,_T,Total,Y15T64,From 15 to 64 years,_Z,Not applicable,Q,Quarterly,2023-Q4,,24882.47,,,,A,Normal value,3,Thousands,0,Zero
DATAFLOW,OECD.SDD.TPS:DSD_LFS@DF_IALFS_EMP_Q(1.0),Employed population by age groups,I,JPN,Japan,EMP,Employment,PS,Persons,_Z,Not applicable,Y,Calendar and seasonally adjusted,_T,Total,Y15T64,From 15 to 64 years,_Z,Not applicable,Q,Quarterly,2023-Q3,,58430,,,,A,Normal value,3,Thousands,0,Zero
DATAFLOW,OECD.SDD.TPS:DSD_LFS@DF_IALFS_EMP_Q(1.0),Employed population by age groups,I,JPN,Japan,EMP,Employment,PS,Persons,_Z,Not applicable,Y,Calendar and seasonally adjusted,_T,Total,Y15T64,From 15 to 64 years,_Z,Not applicable,Q,Quarterly,2023-Q2,,58376.67,,,,A,Normal value,3,Thousands,0,Zero
DATAFLOW,OECD.SDD.TPS:DSD_LFS@DF_IALFS_EMP_Q(1.0),Employed population by age groups,I,JPN,Japan,EMP,Employment,PS,Persons,_Z,Not applicable,Y,Calendar and seasonally adjusted,_T,Total,Y15T64,From 15 to 64 years,_Z,Not applicable,Q,Quarterly,2023-Q1,,58013.33,,,,A,Normal value,3,Thousands,0,Zero
DATAFLOW,OECD.SDD.TPS:DSD_LFS@DF_IALFS_EMP_Q(1.0),Employed population by age groups,I,JPN,Japan,EMP,Employment,PS,Persons,_Z,Not applicable,Y,Calendar and seasonally adjusted,_T,Total,Y15T64,From 15 to 64 years,_Z,Not applicable,Q,Quarterly,2024-Q3,,58553.33,,,,A,Normal value,3,Thousands,0,Zero
DATAFLOW,OECD.SDD.TPS:DSD_LFS@DF_IALFS_EMP_Q(1.0),Employed population by age groups,I,JPN,Japan,EMP,Employment,PS,Persons,_Z,Not applicable,Y,Calendar and seasonally adjusted,_T,Total,Y15T64,From 15 to 64 years,_Z,Not applicable,Q,Quarterly,2024-Q2,,58386.67,,,,A,Normal value,3,Thousands,0,Zero
DATAFLOW,OECD.SDD.TPS:DSD_LFS@DF_IALFS_EMP_Q(1.0),Employed population by age groups,I,JPN,Japan,EMP,Employment,PS,Persons,_Z,Not applicable,Y,Calendar and seasonally adjusted,_T,Total,Y15T64,From 15 to 64 years,_Z,Not applicable,Q,Quarterly,2024-Q1,,58250,,,,A,Normal value,3,Thousands,0,Zero
DATAFLOW,OECD.SDD.TPS:DSD_LFS@DF_IALFS_EMP_Q(1.0),Employed population by age groups,I,BGR,Bulgaria,EMP,Employment,PS,Persons,_Z,Not applicable,Y,Calendar and seasonally adjusted,_T,Total,Y15T64,From 15 to 64 years,_Z,Not applicable,Q,Quarterly,2023-Q4,,2803.513,,,,A,Normal value,3,Thousands,0,Zero
DATAFLOW,OECD.SDD.TPS:DSD_LFS@DF_IALFS_EMP_Q(1.0),Employed population by age groups,I,BGR,Bulgaria,EMP,Employment,PS,Persons,_Z,Not applicable,Y,Calendar and seasonally adjusted,_T,Total,Y15T64,From 15 to 64 years,_Z,Not applicable,Q,Quarterly,2023-Q3,,2810.158,,,,A,Normal value,3,Thousands,0,Zero
DATAFLOW,OECD.SDD.TPS:DSD_LFS@DF_IALFS_EMP_Q(1.0),Employed population by age groups,I,BGR,Bulgaria,EMP,Employment,PS,Persons,_Z,Not applicable,Y,Calendar and seasonally adjusted,_T,Total,Y15T64,From 15 to 64 years,_Z,Not applicable,Q,Quarterly,2023-Q2,,2822.973,,,,A,Normal value,3,Thousands,0,Zero
DATAFLOW,OECD.SDD.TPS:DSD_LFS@DF_IALFS_EMP_Q(1.0),Employed population by age groups,I,BGR,Bulgaria,EMP,Employment,PS,Persons,_Z,Not applicable,Y,Calendar and seasonally adjusted,_T,Total,Y15T64,From 15 to 64 years,_Z,Not applicable,Q,Quarterly,2023-Q1,,2850.055,,,,A,Normal value,3,Thousands,0,Zero
DATAFLOW,OECD.SDD.TPS:DSD_LFS@DF_IALFS_EMP_Q(1.0),Employed population by age groups,I,BGR,Bulgaria,EMP,Employment,PS,Persons,_Z,Not applicable,Y,Calendar and seasonally adjusted,_T,Total,Y15T64,From 15 to 64 years,_Z,Not applicable,Q,Quarterly,2024-Q2,,2832.822,,,,A,Normal value,3,Thousands,0,Zero
DATAFLOW,OECD.SDD.TPS:DSD_LFS@DF_IALFS_EMP_Q(1.0),Employed population by age groups,I,HRV,Croatia,EMP,Employment,PS,Persons,_Z,Not applicable,Y,Calendar and seasonally adjusted,_T,Total,Y15T64,From 15 to 64 years,_Z,Not applicable,Q,Quarterly,2023-Q4,,1612.209,,,,A,Normal value,3,Thousands,0,Zero
DATAFLOW,OECD.SDD.TPS:DSD_LFS@DF_IALFS_EMP_Q(1.0),Employed population by age groups,I,HRV,Croatia,EMP,Employment,PS,Persons,_Z,Not applicable,Y,Calendar and seasonally adjusted,_T,Total,Y15T64,From 15 to 64 years,_Z,Not applicable,Q,Quarterly,2023-Q3,,1587.872,,,,A,Normal value,3,Thousands,0,Zero
DATAFLOW,OECD.SDD.TPS:DSD_LFS@DF_IALFS_EMP_Q(1.0),Employed population by age groups,I,HRV,Croatia,EMP,Employment,PS,Persons,_Z,Not applicable,Y,Calendar and seasonally adjusted,_T,Total,Y15T64,From 15 to 64 years,_Z,Not applicable,Q,Quarterly,2023-Q2,,1587.843,,,,A,Normal value,3,Thousands,0,Zero
DATAFLOW,OECD.SDD.TPS:DSD_LFS@DF_IALFS_EMP_Q(1.0),Employed population by age groups,I,HRV,Croatia,EMP,Employment,PS,Persons,_Z,Not applicable,Y,Calendar and seasonally adjusted,_T,Total,Y15T64,From 15 to 64 years,_Z,Not applicable,Q,Quarterly,2023-Q1,,1569.176,,,,A,Normal value,3,Thousands,0,Zero
DATAFLOW,OECD.SDD.TPS:DSD_LFS@DF_IALFS_EMP_Q(1.0),Employed population by age groups,I,HRV,Croatia,EMP,Employment,PS,Persons,_Z,Not applicable,Y,Calendar and seasonally adjusted,_T,Total,Y15T64,From 15 to 64 years,_Z,Not applicable,Q,Quarterly,2024-Q2,,1655.328,,,,A,Normal value,3,Thousands,0,Zero
DATAFLOW,OECD.SDD.TPS:DSD_LFS@DF_IALFS_EMP_Q(1.0),Employed population by age groups,I,CHE,Switzerland,EMP,Employment,PS,Persons,_Z,Not applicable,Y,Calendar and seasonally adjusted,_T,Total,Y15T64,From 15 to 64 years,_Z,Not applicable,Q,Quarterly,2024-Q2,,4663.939,,,,A,Normal value,3,Thousands,0,Zero
DATAFLOW,OECD.SDD.TPS:DSD_LFS@DF_IALFS_EMP_Q(1.0),Employed population by age groups,I,MEX,Mexico,EMP,Employment,PS,Persons,_Z,Not applicable,Y,Calendar and seasonally adjusted,_T,Total,Y15T64,From 15 to 64 years,_Z,Not applicable,Q,Quarterly,2024-Q1,,55906.33,,,,A,Normal value,3,Thousands,0,Zero
DATAFLOW,OECD.SDD.TPS:DSD_LFS@DF_IALFS_EMP_Q(1.0),Employed population by age groups,I,CZE,Czechia,EMP,Employment,PS,Persons,_Z,Not applicable,Y,Calendar and seasonally adjusted,_T,Total,Y15T64,From 15 to 64 years,_Z,Not applicable,Q,Quarterly,2024-Q2,,4982.586,,,,A,Normal value,3,Thousands,0,Zero
DATAFLOW,OECD.SDD.TPS:DSD_LFS@DF_IALFS_EMP_Q(1.0),Employed population by age groups,I,BEL,Belgium,EMP,Employment,PS,Persons,_Z,Not applicable,Y,Calendar and seasonally adjusted,_T,Total,Y15T64,From 15 to 64 years,_Z,Not applicable,Q,Quarterly,2023-Q3,,4963.525,,,,A,Normal value,3,Thousands,0,Zero
DATAFLOW,OECD.SDD.TPS:DSD_LFS@DF_IALFS_EMP_Q(1.0),Employed population by age groups,I,CHL,Chile,EMP,Employment,PS,Persons,_Z,Not applicable,Y,Calendar and seasonally adjusted,_T,Total,Y15T64,From 15 to 64 years,_Z,Not applicable,Q,Quarterly,2023-Q3,,8536.11,,,,E,Estimated value,3,Thousands,0,Zero
DATAFLOW,OECD.SDD.TPS:DSD_LFS@DF_IALFS_EMP_Q(1.0),Employed population by age groups,I,PRT,Portugal,EMP,Employment,PS,Persons,_Z,Not applicable,Y,Calendar and seasonally adjusted,_T,Total,Y15T64,From 15 to 64 years,_Z,Not applicable,Q,Quarterly,2024-Q2,,4880.243,,,,A,Normal value,3,Thousands,0,Zero
DATAFLOW,OECD.SDD.TPS:DSD_LFS@DF_IALFS_EMP_Q(1.0),Employed population by age groups,I,EU27_2020,European Union (27 countries from 01/02/2020),EMP,Employment,PS,Persons,_Z,Not applicable,Y,Calendar and seasonally adjusted,_T,Total,Y15T64,From 15 to 64 years,_Z,Not applicable,Q,Quarterly,2023-Q3,,199569.9,,,,A,Normal value,3,Thousands,0,Zero
DATAFLOW,OECD.SDD.TPS:DSD_LFS@DF_IALFS_EMP_Q(1.0),Employed population by age groups,I,HUN,Hungary,EMP,Employment,PS,Persons,_Z,Not applicable,Y,Calendar and seasonally adjusted,_T,Total,Y15T64,From 15 to 64 years,_Z,Not applicable,Q,Quarterly,2024-Q2,,4616.66,,,,A,Normal value,3,Thousands,0,Zero
DATAFLOW,OECD.SDD.TPS:DSD_LFS@DF_IALFS_EMP_Q(1.0),Employed population by age groups,I,EA20,Euro area (20 countries),EMP,Employment,PS,Persons,_Z,Not applicable,Y,Calendar and seasonally adjusted,_T,Total,Y15T64,From 15 to 64 years,_Z,Not applicable,Q,Quarterly,2023-Q1,,154213.5,,,,A,Normal value,3,Thousands,0,Zero
DATAFLOW,OECD.SDD.TPS:DSD_LFS@DF_IALFS_EMP_Q(1.0),Employed population by age groups,I,OECD,OECD,EMP,Employment,PS,Persons,_Z,Not applicable,Y,Calendar and seasonally adjusted,_T,Total,Y15T64,From 15 to 64 years,_Z,Not applicable,Q,Quarterly,2024-Q2,,620805.5,,,,E,Estimated value,3,Thousands,0,Zero
DATAFLOW,OECD.SDD.TPS:DSD_LFS@DF_IALFS_EMP_Q(1.0),Employed population by age groups,I,FRA,France,EMP,Employment,PS,Persons,_Z,Not applicable,Y,Calendar and seasonally adjusted,_T,Total,Y15T64,From 15 to 64 years,_Z,Not applicable,Q,Quarterly,2024-Q2,,28369.16,,,,A,Normal value,3,Thousands,0,Zero
DATAFLOW,OECD.SDD.TPS:DSD_LFS@DF_IALFS_EMP_Q(1.0),Employed population by age groups,I,NOR,Norway,EMP,Employment,PS,Persons,_Z,Not applicable,Y,Calendar and seasonally adjusted,_T,Total,Y15T64,From 15 to 64 years,_Z,Not applicable,Q,Quarterly,2024-Q2,,2768.933,,,,A,Normal value,3,Thousands,0,Zero
DATAFLOW,OECD.SDD.TPS:DSD_LFS@DF_IALFS_EMP_Q(1.0),Employed population by age groups,I,IRL,Ireland,EMP,Employment,PS,Persons,_Z,Not applicable,Y,Calendar and seasonally adjusted,_T,Total,Y15T64,From 15 to 64 years,_Z,Not applicable,Q,Quarterly,2023-Q3,,2576.975,,,,A,Normal value,3,Thousands,0,Zero
DATAFLOW,OECD.SDD.TPS:DSD_LFS@DF_IALFS_EMP_Q(1.0),Employed population by age groups,I,CRI,Costa Rica,EMP,Employment,PS,Persons,_Z,Not applicable,Y,Calendar and seasonally adjusted,_T,Total,Y15T64,From 15 to 64 years,_Z,Not applicable,Q,Quarterly,2024-Q1,,2068.639,,,,A,Normal value,3,Thousands,0,Zero
DATAFLOW,OECD.SDD.TPS:DSD_LFS@DF_IALFS_EMP_Q(1.0),Employed population by age groups,I,LTU,Lithuania,EMP,Employment,PS,Persons,_Z,Not applicable,Y,Calendar and seasonally adjusted,_T,Total,Y15T64,From 15 to 64 years,_Z,Not applicable,Q,Quarterly,2024-Q2,,1382.906,,,,A,Normal value,3,Thousands,0,Zero
DATAFLOW,OECD.SDD.TPS:DSD_LFS@DF_IALFS_EMP_Q(1.0),Employed population by age groups,I,AUS,Australia,EMP,Employment,PS,Persons,_Z,Not applicable,Y,Calendar and seasonally adjusted,_T,Total,Y15T64,From 15 to 64 years,_Z,Not applicable,Q,Quarterly,2023-Q4,,13459.55,,,,A,Normal value,3,Thousands,0,Zero
DATAFLOW,OECD.SDD.TPS:DSD_LFS@DF_IALFS_EMP_Q(1.0),Employed population by age groups,I,POL,Poland,EMP,Employment,PS,Persons,_Z,Not applicable,Y,Calendar and seasonally adjusted,_T,Total,Y15T64,From 15 to 64 years,_Z,Not applicable,Q,Quarterly,2024-Q2,,16767.57,,,,A,Normal value,3,Thousands,0,Zero
DATAFLOW,OECD.SDD.TPS:DSD_LFS@DF_IALFS_EMP_Q(1.0),Employed population by age groups,I,ISR,Israel,EMP,Employment,PS,Persons,_Z,Not applicable,Y,Calendar and seasonally adjusted,_T,Total,Y15T64,From 15 to 64 years,_Z,Not applicable,Q,Quarterly,2023-Q4,,4037.922,,,,A,Normal value,3,Thousands,0,Zero
DATAFLOW,OECD.SDD.TPS:DSD_LFS@DF_IALFS_EMP_Q(1.0),Employed population by age groups,I,DEU,Germany,EMP,Employment,PS,Persons,_Z,Not applicable,Y,Calendar and seasonally adjusted,_T,Total,Y15T64,From 15 to 64 years,_Z,Not applicable,Q,Quarterly,2024-Q2,,41460.7,,,,E,Estimated value,3,Thousands,0,Zero
DATAFLOW,OECD.SDD.TPS:DSD_LFS@DF_IALFS_EMP_Q(1.0),Employed population by age groups,I,LUX,Luxembourg,EMP,Employment,PS,Persons,_Z,Not applicable,Y,Calendar and seasonally adjusted,_T,Total,Y15T64,From 15 to 64 years,_Z,Not applicable,Q,Quarterly,2024-Q1,,317.8974,,,,A,Normal value,3,Thousands,0,Zero
DATAFLOW,OECD.SDD.TPS:DSD_LFS@DF_IALFS_EMP_Q(1.0),Employed population by age groups,I,DNK,Denmark,EMP,Employment,PS,Persons,_Z,Not applicable,Y,Calendar and seasonally adjusted,_T,Total,Y15T64,From 15 to 64 years,_Z,Not applicable,Q,Quarterly,2024-Q2,,2932.272,,,,A,Normal value,3,Thousands,0,Zero
DATAFLOW,OECD.SDD.TPS:DSD_LFS@DF_IALFS_EMP_Q(1.0),Employed population by age groups,I,CAN,Canada,EMP,Employment,PS,Persons,_Z,Not applicable,Y,Calendar and seasonally adjusted,_T,Total,Y15T64,From 15 to 64 years,_Z,Not applicable,Q,Quarterly,2024-Q2,,19428.03,,,,A,Normal value,3,Thousands,0,Zero
DATAFLOW,OECD.SDD.TPS:DSD_LFS@DF_IALFS_EMP_Q(1.0),Employed population by age groups,I,ITA,Italy,EMP,Employment,PS,Persons,_Z,Not applicable,Y,Calendar and seasonally adjusted,_T,Total,Y15T64,From 15 to 64 years,_Z,Not applicable,Q,Quarterly,2024-Q2,,23060.05,,,,A,Normal value,3,Thousands,0,Zero
DATAFLOW,OECD.SDD.TPS:DSD_LFS@DF_IALFS_EMP_Q(1.0),Employed population by age groups,I,FIN,Finland,EMP,Employment,PS,Persons,_Z,Not applicable,Y,Calendar and seasonally adjusted,_T,Total,Y15T64,From 15 to 64 years,_Z,Not applicable,Q,Quarterly,2023-Q4,,2520.699,,,,A,Normal value,3,Thousands,0,Zero
DATAFLOW,OECD.SDD.TPS:DSD_LFS@DF_IALFS_EMP_Q(1.0),Employed population by age groups,I,ZAF,South Africa,EMP,Employment,PS,Persons,_Z,Not applicable,Y,Calendar and seasonally adjusted,_T,Total,Y15T64,From 15 to 64 years,_Z,Not applicable,Q,Quarterly,2024-Q1,,16744.75,,,,A,Normal value,3,Thousands,0,Zero
DATAFLOW,OECD.SDD.TPS:DSD_LFS@DF_IALFS_EMP_Q(1.0),Employed population by age groups,I,TUR,Türkiye,EMP,Employment,PS,Persons,_Z,Not applicable,Y,Calendar and seasonally adjusted,_T,Total,Y15T64,From 15 to 64 years,_Z,Not applicable,Q,Quarterly,2024-Q2,,31499.35,,,,A,Normal value,3,Thousands,0,Zero
DATAFLOW,OECD.SDD.TPS:DSD_LFS@DF_IALFS_EMP_Q(1.0),Employed population by age groups,I,COL,Colombia,EMP,Employment,PS,Persons,_Z,Not applicable,Y,Calendar and seasonally adjusted,_T,Total,Y15T64,From 15 to 64 years,_Z,Not applicable,Q,Quarterly,2023-Q4,,21302.6,,,,A,Normal value,3,Thousands,0,Zero
DATAFLOW,OECD.SDD.TPS:DSD_LFS@DF_IALFS_EMP_Q(1.0),Employed population by age groups,I,SWE,Sweden,EMP,Employment,PS,Persons,_Z,Not applicable,Y,Calendar and seasonally adjusted,_T,Total,Y15T64,From 15 to 64 years,_Z,Not applicable,Q,Quarterly,2024-Q2,,5048,,,,A,Normal value,3,Thousands,0,Zero
DATAFLOW,OECD.SDD.TPS:DSD_LFS@DF_IALFS_EMP_Q(1.0),Employed population by age groups,I,SVK,Slovak Republic,EMP,Employment,PS,Persons,_Z,Not applicable,Y,Calendar and seasonally adjusted,_T,Total,Y15T64,From 15 to 64 years,_Z,Not applicable,Q,Quarterly,2024-Q2,,2562.887,,,,A,Normal value,3,Thousands,0,Zero
DATAFLOW,OECD.SDD.TPS:DSD_LFS@DF_IALFS_EMP_Q(1.0),Employed population by age groups,I,GRC,Greece,EMP,Employment,PS,Persons,_Z,Not applicable,Y,Calendar and seasonally adjusted,_T,Total,Y15T64,From 15 to 64 years,_Z,Not applicable,Q,Quarterly,2024-Q2,,4182.612,,,,A,Normal value,3,Thousands,0,Zero
DATAFLOW,OECD.SDD.TPS:DSD_LFS@DF_IALFS_EMP_Q(1.0),Employed population by age groups,I,AUT,Austria,EMP,Employment,PS,Persons,_Z,Not applicable,Y,Calendar and seasonally adjusted,_T,Total,Y15T64,From 15 to 64 years,_Z,Not applicable,Q,Quarterly,2024-Q2,,4410.597,,,,A,Normal value,3,Thousands,0,Zero
DATAFLOW,OECD.SDD.TPS:DSD_LFS@DF_IALFS_EMP_Q(1.0),Employed population by age groups,I,G7,G7,EMP,Employment,PS,Persons,_Z,Not applicable,Y,Calendar and seasonally adjusted,_T,Total,Y15T64,From 15 to 64 years,_Z,Not applicable,Q,Quarterly,2024-Q2,,352394.3,,,,E,Estimated value,3,Thousands,0,Zero
DATAFLOW,OECD.SDD.TPS:DSD_LFS@DF_IALFS_EMP_Q(1.0),Employed population by age groups,I,LVA,Latvia,EMP,Employment,PS,Persons,_Z,Not applicable,Y,Calendar and seasonally adjusted,_T,Total,Y15T64,From 15 to 64 years,_Z,Not applicable,Q,Quarterly,2023-Q1,,832.4374,,,,A,Normal value,3,Thousands,0,Zero
DATAFLOW,OECD.SDD.TPS:DSD_LFS@DF_IALFS_EMP_Q(1.0),Employed population by age groups,I,USA,United States,EMP,Employment,PS,Persons,_Z,Not applicable,Y,Calendar and seasonally adjusted,_T,Total,Y15T64,From 15 to 64 years,_Z,Not applicable,Q,Quarterly,2023-Q1,,149494,,,,A,Normal value,3,Thousands,0,Zero
DATAFLOW,OECD.SDD.TPS:DSD_LFS@DF_IALFS_EMP_Q(1.0),Employed population by age groups,I,NZL,New Zealand,EMP,Employment,PS,Persons,_Z,Not applicable,Y,Calendar and seasonally adjusted,_T,Total,Y15T64,From 15 to 64 years,_Z,Not applicable,Q,Quarterly,2023-Q4,,2735.432,,,,A,Normal value,3,Thousands,0,Zero
DATAFLOW,OECD.SDD.TPS:DSD_LFS@DF_IALFS_EMP_Q(1.0),Employed population by age groups,I,ESP,Spain,EMP,Employment,PS,Persons,_Z,Not applicable,Y,Calendar and seasonally adjusted,_T,Total,Y15T64,From 15 to 64 years,_Z,Not applicable,Q,Quarterly,2024-Q2,,21249.07,,,,A,Normal value,3,Thousands,0,Zero
DATAFLOW,OECD.SDD.TPS:DSD_LFS@DF_IALFS_EMP_Q(1.0),Employed population by age groups,I,GBR,United Kingdom,EMP,Employment,PS,Persons,_Z,Not applicable,Y,Calendar and seasonally adjusted,_T,Total,Y15T64,From 15 to 64 years,_Z,Not applicable,Q,Quarterly,2023-Q2,,31757,,,,A,Normal value,3,Thousands,0,Zero
DATAFLOW,OECD.SDD.TPS:DSD_LFS@DF_IALFS_EMP_Q(1.0),Employed population by age groups,I,ISL,Iceland,EMP,Employment,PS,Persons,_Z,Not applicable,Y,Calendar and seasonally adjusted,_T,Total,Y15T64,From 15 to 64 years,_Z,Not applicable,Q,Quarterly,2024-Q1,,213.0003,,,,A,Normal value,3,Thousands,0,Zero
DATAFLOW,OECD.SDD.TPS:DSD_LFS@DF_IALFS_EMP_Q(1.0),Employed population by age groups,I,NLD,Netherlands,EMP,Employment,PS,Persons,_Z,Not applicable,Y,Calendar and seasonally adjusted,_T,Total,Y15T64,From 15 to 64 years,_Z,Not applicable,Q,Quarterly,2023-Q4,,9410.827,,,,A,Normal value,3,Thousands,0,Zero
DATAFLOW,OECD.SDD.TPS:DSD_LFS@DF_IALFS_EMP_Q(1.0),Employed population by age groups,I,EST,Estonia,EMP,Employment,PS,Persons,_Z,Not applicable,Y,Calendar and seasonally adjusted,_T,Total,Y15T64,From 15 to 64 years,_Z,Not applicable,Q,Quarterly,2023-Q2,,654.0561,,,,A,Normal value,3,Thousands,0,Zero
DATAFLOW,OECD.SDD.TPS:DSD_LFS@DF_IALFS_EMP_Q(1.0),Employed population by age groups,I,SVN,Slovenia,EMP,Employment,PS,Persons,_Z,Not applicable,Y,Calendar and seasonally adjusted,_T,Total,Y15T64,From 15 to 64 years,_Z,Not applicable,Q,Quarterly,2024-Q1,,987.9599,,,,A,Normal value,3,Thousands,0,Zero
DATAFLOW,OECD.SDD.TPS:DSD_LFS@DF_IALFS_EMP_Q(1.0),Employed population by age groups,I,KOR,Korea,EMP,Employment,PS,Persons,_Z,Not applicable,Y,Calendar and seasonally adjusted,_T,Total,Y15T64,From 15 to 64 years,_Z,Not applicable,Q,Quarterly,2023-Q3,,24909.77,,,,A,Normal value,3,Thousands,0,Zero
DATAFLOW,OECD.SDD.TPS:DSD_LFS@DF_IALFS_EMP_Q(1.0),Employed population by age groups,I,JPN,Japan,EMP,Employment,PS,Persons,_Z,Not applicable,Y,Calendar and seasonally adjusted,_T,Total,Y15T64,From 15 to 64 years,_Z,Not applicable,Q,Quarterly,2023-Q4,,58500,,,,A,Normal value,3,Thousands,0,Zero
DATAFLOW,OECD.SDD.TPS:DSD_LFS@DF_IALFS_EMP_Q(1.0),Employed population by age groups,I,BGR,Bulgaria,EMP,Employment,PS,Persons,_Z,Not applicable,Y,Calendar and seasonally adjusted,_T,Total,Y15T64,From 15 to 64 years,_Z,Not applicable,Q,Quarterly,2024-Q1,,2826.502,,,,A,Normal value,3,Thousands,0,Zero
DATAFLOW,OECD.SDD.TPS:DSD_LFS@DF_IALFS_EMP_Q(1.0),Employed population by age groups,I,HRV,Croatia,EMP,Employment,PS,Persons,_Z,Not applicable,Y,Calendar and seasonally adjusted,_T,Total,Y15T64,From 15 to 64 years,_Z,Not applicable,Q,Quarterly,2024-Q1,,1643.747,,,,A,Normal value,3,Thousands,0,Zero
DATAFLOW,OECD.SDD.TPS:DSD_LFS@DF_IALFS_EMP_Q(1.0),Employed population by age groups,I,LUX,Luxembourg,EMP,Employment,PS,Persons,_Z,Not applicable,Y,Calendar and seasonally adjusted,_T,Total,Y15T64,From 15 to 64 years,_Z,Not applicable,Q,Quarterly,2023-Q2,,319.4573,,,,A,Normal value,3,Thousands,0,Zero
DATAFLOW,OECD.SDD.TPS:DSD_LFS@DF_IALFS_EMP_Q(1.0),Employed population by age groups,I,LUX,Luxembourg,EMP,Employment,PS,Persons,_Z,Not applicable,Y,Calendar and seasonally adjusted,_T,Total,Y15T64,From 15 to 64 years,_Z,Not applicable,Q,Quarterly,2023-Q1,,316.6042,,,,A,Normal value,3,Thousands,0,Zero
DATAFLOW,OECD.SDD.TPS:DSD_LFS@DF_IALFS_EMP_Q(1.0),Employed population by age groups,I,LUX,Luxembourg,EMP,Employment,PS,Persons,_Z,Not applicable,Y,Calendar and seasonally adjusted,_T,Total,Y15T64,From 15 to 64 years,_Z,Not applicable,Q,Quarterly,2024-Q2,,321.023,,,,A,Normal value,3,Thousands,0,Zero
DATAFLOW,OECD.SDD.TPS:DSD_LFS@DF_IALFS_EMP_Q(1.0),Employed population by age groups,I,DNK,Denmark,EMP,Employment,PS,Persons,_Z,Not applicable,Y,Calendar and seasonally adjusted,_T,Total,Y15T64,From 15 to 64 years,_Z,Not applicable,Q,Quarterly,2024-Q1,,2930.002,,,,A,Normal value,3,Thousands,0,Zero
DATAFLOW,OECD.SDD.TPS:DSD_LFS@DF_IALFS_EMP_Q(1.0),Employed population by age groups,I,DNK,Denmark,EMP,Employment,PS,Persons,_Z,Not applicable,Y,Calendar and seasonally adjusted,_T,Total,Y15T64,From 15 to 64 years,_Z,Not applicable,Q,Quarterly,2023-Q4,,2887.224,,,,A,Normal value,3,Thousands,0,Zero
DATAFLOW,OECD.SDD.TPS:DSD_LFS@DF_IALFS_EMP_Q(1.0),Employed population by age groups,I,DNK,Denmark,EMP,Employment,PS,Persons,_Z,Not applicable,Y,Calendar and seasonally adjusted,_T,Total,Y15T64,From 15 to 64 years,_Z,Not applicable,Q,Quarterly,2023-Q3,,2870.276,,,,A,Normal value,3,Thousands,0,Zero
DATAFLOW,OECD.SDD.TPS:DSD_LFS@DF_IALFS_EMP_Q(1.0),Employed population by age groups,I,DNK,Denmark,EMP,Employment,PS,Persons,_Z,Not applicable,Y,Calendar and seasonally adjusted,_T,Total,Y15T64,From 15 to 64 years,_Z,Not applicable,Q,Quarterly,2023-Q2,,2875.224,,,,A,Normal value,3,Thousands,0,Zero
DATAFLOW,OECD.SDD.TPS:DSD_LFS@DF_IALFS_EMP_Q(1.0),Employed population by age groups,I,DNK,Denmark,EMP,Employment,PS,Persons,_Z,Not applicable,Y,Calendar and seasonally adjusted,_T,Total,Y15T64,From 15 to 64 years,_Z,Not applicable,Q,Quarterly,2023-Q1,,2892.476,,,,A,Normal value,3,Thousands,0,Zero
